-------Insert into Person Table
INSERT INTO F15_11_tbla_person
(P_ID,
First_name,
Middle_name,
Last_Name,
DOB,
Gender)
VALUES
(1001,'Neha','Suresh','Desai',TO_DATE('1989-11-06','yyyy-mm-dd'),'Female');




INSERT INTO F15_11_tbla_person
(P_ID,
First_name,
Middle_name,
Last_Name,
DOB,
Gender)
VALUES
(1002,'Supreme','H','C',TO_DATE('1989-01-05','yyyy-mm-dd'),'Male');




INSERT INTO F15_11_tbla_person
(P_ID,
First_name,
Middle_name,
Last_Name,
DOB,
Gender)
VALUES
(1003,'Nitin','D','Pawar',TO_DATE('1989-01-05','yyyy-mm-dd'),'Male');




INSERT INTO F15_11_tbla_person
(P_ID,
First_name,
Middle_name,
Last_Name,
DOB,
Gender)
VALUES
(1004,'Omkar','K','Deshmukh',TO_DATE('1993-01-05','yyyy-mm-dd'),'Male');




INSERT INTO F15_11_tbla_person
(P_ID,
First_name,
Middle_name,
Last_Name,
DOB,
Gender)
VALUES
(1005,'Nikita','H','Dhawle',TO_DATE('1991-01-05','yyyy-mm-dd'),'Female');





INSERT INTO F15_11_tbla_person
(P_ID,
First_name,
Middle_name,
Last_Name,
DOB,
Gender)
VALUES
(1006,'Jayesh','H','Gopalani',TO_DATE('1991-05-05','yyyy-mm-dd'),'Male');




INSERT INTO F15_11_tbla_person
(P_ID,
First_name,
Middle_name,
Last_Name,
DOB,
Gender)
VALUES
(1007,'Swati','S','Aeer',TO_DATE('1993-06-06','yyyy-mm-dd'),'Female');




INSERT INTO F15_11_tbla_person
(P_ID,
First_name,
Middle_name,
Last_Name,
DOB,
Gender)
VALUES
(1008,'Palak','P','Nayak',TO_DATE('1989-06-06','yyyy-mm-dd'),'Female');




INSERT INTO F15_11_tbla_person
(P_ID,
First_name,
Middle_name,
Last_Name,
DOB,
Gender)
VALUES
(1009,'Vikas','H','Rai',TO_DATE('1989-05-05','yyyy-mm-dd'),'Male');




INSERT INTO F15_11_tbla_person
(P_ID,
First_name,
Middle_name,
Last_Name,
DOB,
Gender)
VALUES
(1010,'Harsh','H','Bharat',TO_DATE('1989-01-05','yyyy-mm-dd'),'Male');




INSERT INTO F15_11_tbla_person
(P_ID,
First_name,
Middle_name,
Last_Name,
DOB,
Gender)
VALUES
(1011,'Aditya','H','Chavan',TO_DATE('1990-03-03','yyyy-mm-dd'),'Male');

INSERT INTO F15_11_tbla_person
(P_ID,
First_name,
Middle_name,
Last_Name,
DOB,
Gender)
VALUES
(1012,'Suresh','H','Zha',TO_DATE('1994-01-05','yyyy-mm-dd'),'Male');




INSERT INTO F15_11_tbla_person
(P_ID,
First_name,
Middle_name,
Last_Name,
DOB,
Gender)
VALUES
(1013,'Utkarsh','H','Mishra',TO_DATE('1989-01-05','yyyy-mm-dd'),'Male');




INSERT INTO F15_11_tbla_person
(P_ID,
First_name,
Middle_name,
Last_Name,
DOB,
Gender)
VALUES
(1014,'Riya','H','Wasnik',TO_DATE('1989-03-03','yyyy-mm-dd'),'Female');




INSERT INTO F15_11_tbla_person
(P_ID,
First_name,
Middle_name,
Last_Name,
DOB,
Gender)
VALUES
(1015,'Ankita','H','Patel',TO_DATE('1989-11-05','yyyy-mm-dd'),'Female');





INSERT INTO F15_11_tbla_person
(P_ID,
First_name,
Middle_name,
Last_Name,
DOB,
Gender)
VALUES
(1016,'Prajkata','H','Kamble',TO_DATE('1989-01-05','yyyy-mm-dd'),'Female');




INSERT INTO F15_11_tbla_person
(P_ID,
First_name,
Middle_name,
Last_Name,
DOB,
Gender)
VALUES
(1017,'Prajkta','H','Patil',TO_DATE('1989-01-05','yyyy-mm-dd'),'Female');




INSERT INTO F15_11_tbla_person
(P_ID,
First_name,
Middle_name,
Last_Name,
DOB,
Gender)
VALUES
(1018,'Mandar','H','Kapdoskar',TO_DATE('1989-01-05','yyyy-mm-dd'),'Male');




INSERT INTO F15_11_tbla_person
(P_ID,
First_name,
Middle_name,
Last_Name,
DOB,
Gender)
VALUES
(1019,'Sagar','H','Shinde',TO_DATE('1990-01-05','yyyy-mm-dd'),'Male');




INSERT INTO F15_11_tbla_person
(P_ID,
First_name,
Middle_name,
Last_Name,
DOB,
Gender)
VALUES
(1020,'Raghuraj','H','Sawant',TO_DATE('1989-01-05','yyyy-mm-dd'),'Male');




INSERT INTO F15_11_tbla_person
(P_ID,
First_name,
Middle_name,
Last_Name,
DOB,
Gender)
VALUES
(1021,'Tinkesh','H','Kothari',TO_DATE('1992-01-05','yyyy-mm-dd'),'Male');




INSERT INTO F15_11_tbla_person
(P_ID,
First_name,
Middle_name,
Last_Name,
DOB,
Gender)
VALUES
(1022,'Disha','H','Parekh',TO_DATE('1992-01-05','yyyy-mm-dd'),'Female');




INSERT INTO F15_11_tbla_person
(P_ID,
First_name,
Middle_name,
Last_Name,
DOB,
Gender)
VALUES
(1023,'Shweta','H','Pathak',TO_DATE('1990-01-05','yyyy-mm-dd'),'Female');




INSERT INTO F15_11_tbla_person
(P_ID,
First_name,
Middle_name,
Last_Name,
DOB,
Gender)
VALUES
(1024,'Ajrun','H','Sharma',TO_DATE('1993-01-05','yyyy-mm-dd'),'Male');




INSERT INTO F15_11_tbla_person
(P_ID,
First_name,
Middle_name,
Last_Name,
DOB,
Gender)
VALUES
(1025,'Sachin','H','Tendulkar',TO_DATE('1988-01-05','yyyy-mm-dd'),'Male');




INSERT INTO F15_11_tbla_person
(P_ID,
First_name,
Middle_name,
Last_Name,
DOB,
Gender)
VALUES
(1026,'Amitabh','H','Bachhhan',TO_DATE('1989-01-05','yyyy-mm-dd'),'Male');


INSERT INTO F15_11_tbla_person
(P_ID,
First_name,
Middle_name,
Last_Name,
DOB,
Gender)
VALUES
(1027,'Divya','H','Datta',TO_DATE('1989-01-05','yyyy-mm-dd'),'Female');




INSERT INTO F15_11_tbla_person
(P_ID,
First_name,
Middle_name,
Last_Name,
DOB,
Gender)
VALUES
(1028,'Sahil','H','Satpute',TO_DATE('1989-01-05','yyyy-mm-dd'),'Male');




INSERT INTO F15_11_tbla_person
(P_ID,
First_name,
Middle_name,
Last_Name,
DOB,
Gender)
VALUES
(1029,'Sacchivi','H','Deshmukh',TO_DATE('1989-01-05','yyyy-mm-dd'),'Female');




INSERT INTO F15_11_tbla_person
(P_ID,
First_name,
Middle_name,
Last_Name,
DOB,
Gender)
VALUES
(1030,'Bhushan','H','Shetty',TO_DATE('1993-01-05','yyyy-mm-dd'),'Male');



commit;


---------------------------------
-------Insert into Apartment Table
INSERT INTO F15_11_tbla_apartment
(Apt_no,
Floor_no,
Type,
Area,
Rent_amt,
furnished,
Bld_no)
VALUES
(101,0,'2BHK',800,889,'furnished',1);

INSERT INTO F15_11_tbla_apartment
(Apt_no,
Floor_no,
Type,
Area,
Rent_amt,
furnished,
Bld_no)
VALUES
(102,0,'2BHK',800,889,'furnished',1);


INSERT INTO F15_11_tbla_apartment
(Apt_no,
Floor_no,
Type,
Area,
Rent_amt,
furnished,
Bld_no)
VALUES
(103,0,'2BHK',800,889,'furnished',1);


INSERT INTO F15_11_tbla_apartment
(Apt_no,
Floor_no,
Type,
Area,
Rent_amt,
furnished,
Bld_no)
VALUES
(104,0,'2BHK',800,889,'furnished',1);


INSERT INTO F15_11_tbla_apartment
(Apt_no,
Floor_no,
Type,
Area,
Rent_amt,
furnished,
Bld_no)
VALUES
(111,1,'2BHK',800,889,'furnished',1);


INSERT INTO F15_11_tbla_apartment
(Apt_no,
Floor_no,
Type,
Area,
Rent_amt,
furnished,
Bld_no)
VALUES
(112,1,'2BHK',800,889,'furnished',1);


INSERT INTO F15_11_tbla_apartment
(Apt_no,
Floor_no,
Type,
Area,
Rent_amt,
furnished,
Bld_no)
VALUES
(113,1,'2BHK',800,889,'furnished',1);


INSERT INTO F15_11_tbla_apartment
(Apt_no,
Floor_no,
Type,
Area,
Rent_amt,
furnished,
Bld_no)
VALUES
(114,1,'2BHK',800,889,'furnished',1);


INSERT INTO F15_11_tbla_apartment
(Apt_no,
Floor_no,
Type,
Area,
Rent_amt,
furnished,
Bld_no)
VALUES
(121,2,'2BHK',800,889,'furnished',1);


INSERT INTO F15_11_tbla_apartment
(Apt_no,
Floor_no,
Type,
Area,
Rent_amt,
furnished,
Bld_no)
VALUES
(122,2,'2BHK',800,889,'furnished',1);


INSERT INTO F15_11_tbla_apartment
(Apt_no,
Floor_no,
Type,
Area,
Rent_amt,
furnished,
Bld_no)
VALUES
(123,2,'2BHK',800,889,'furnished',1);


INSERT INTO F15_11_tbla_apartment
(Apt_no,
Floor_no,
Type,
Area,
Rent_amt,
furnished,
Bld_no)
VALUES
(124,2,'2BHK',800,889,'furnished',1);


INSERT INTO F15_11_tbla_apartment
(Apt_no,
Floor_no,
Type,
Area,
Rent_amt,
furnished,
Bld_no)
VALUES
(201,0,'2BHK',800,889,'furnished',2);


INSERT INTO F15_11_tbla_apartment
(Apt_no,
Floor_no,
Type,
Area,
Rent_amt,
furnished,
Bld_no)
VALUES
(202,0,'2BHK',800,889,'furnished',2);


INSERT INTO F15_11_tbla_apartment
(Apt_no,
Floor_no,
Type,
Area,
Rent_amt,
furnished,
Bld_no)
VALUES
(203,0,'2BHK',800,889,'furnished',2);


INSERT INTO F15_11_tbla_apartment
(Apt_no,
Floor_no,
Type,
Area,
Rent_amt,
furnished,
Bld_no)
VALUES
(204,0,'2BHK',800,889,'furnished',2);


INSERT INTO F15_11_tbla_apartment
(Apt_no,
Floor_no,
Type,
Area,
Rent_amt,
furnished,
Bld_no)
VALUES
(211,1,'2BHK',800,889,'furnished',2);


INSERT INTO F15_11_tbla_apartment
(Apt_no,
Floor_no,
Type,
Area,
Rent_amt,
furnished,
Bld_no)
VALUES
(212,1,'2BHK',800,889,'furnished',2);


INSERT INTO F15_11_tbla_apartment
(Apt_no,
Floor_no,
Type,
Area,
Rent_amt,
furnished,
Bld_no)
VALUES
(213,1,'2BHK',800,889,'furnished',2);


INSERT INTO F15_11_tbla_apartment
(Apt_no,
Floor_no,
Type,
Area,
Rent_amt,
furnished,
Bld_no)
VALUES
(214,1,'2BHK',800,889,'furnished',2);



INSERT INTO F15_11_tbla_apartment
(Apt_no,
Floor_no,
Type,
Area,
Rent_amt,
furnished,
Bld_no)
VALUES
(221,2,'2BHK',800,889,'furnished',2);


INSERT INTO F15_11_tbla_apartment
(Apt_no,
Floor_no,
Type,
Area,
Rent_amt,
furnished,
Bld_no)
VALUES
(222,2,'2BHK',800,889,'furnished',2);


INSERT INTO F15_11_tbla_apartment
(Apt_no,
Floor_no,
Type,
Area,
Rent_amt,
furnished,
Bld_no)
VALUES
(223,2,'2BHK',800,889,'furnished',2);


INSERT INTO F15_11_tbla_apartment
(Apt_no,
Floor_no,
Type,
Area,
Rent_amt,
furnished,
Bld_no)
VALUES
(224,2,'2BHK',800,889,'furnished',2);


INSERT INTO F15_11_tbla_apartment
(Apt_no,
Floor_no,
Type,
Area,
Rent_amt,
furnished,
Bld_no)
VALUES
(301,0,'1BHK',600,689,'furnished',3);


INSERT INTO F15_11_tbla_apartment
(Apt_no,
Floor_no,
Type,
Area,
Rent_amt,
furnished,
Bld_no)
VALUES
(302,0,'1BHK',600,689,'furnished',3);


INSERT INTO F15_11_tbla_apartment
(Apt_no,
Floor_no,
Type,
Area,
Rent_amt,
furnished,
Bld_no)
VALUES
(303,0,'1BHK',600,689,'furnished',3);


INSERT INTO F15_11_tbla_apartment
(Apt_no,
Floor_no,
Type,
Area,
Rent_amt,
furnished,
Bld_no)
VALUES
(304,0,'1BHK',600,689,'furnished',3);


INSERT INTO F15_11_tbla_apartment
(Apt_no,
Floor_no,
Type,
Area,
Rent_amt,
furnished,
Bld_no)
VALUES
(311,1,'1BHK',600,689,'furnished',3);


INSERT INTO F15_11_tbla_apartment
(Apt_no,
Floor_no,
Type,
Area,
Rent_amt,
furnished,
Bld_no)
VALUES
(312,1,'1BHK',600,689,'furnished',3);



INSERT INTO F15_11_tbla_apartment
(Apt_no,
Floor_no,
Type,
Area,
Rent_amt,
furnished,
Bld_no)
VALUES
(313,1,'1BHK',600,689,'furnished',3);


INSERT INTO F15_11_tbla_apartment
(Apt_no,
Floor_no,
Type,
Area,
Rent_amt,
furnished,
Bld_no)
VALUES
(314,1,'1BHK',600,689,'furnished',3);


INSERT INTO F15_11_tbla_apartment
(Apt_no,
Floor_no,
Type,
Area,
Rent_amt,
furnished,
Bld_no)
VALUES
(321,2,'1BHK',600,689,'furnished',3);


INSERT INTO F15_11_tbla_apartment
(Apt_no,
Floor_no,
Type,
Area,
Rent_amt,
furnished,
Bld_no)
VALUES
(322,2,'1BHK',600,689,'furnished',3);


INSERT INTO F15_11_tbla_apartment
(Apt_no,
Floor_no,
Type,
Area,
Rent_amt,
furnished,
Bld_no)
VALUES
(323,2,'1BHK',600,689,'furnished',3);
INSERT INTO F15_11_tbla_apartment
(Apt_no,
Floor_no,
Type,
Area,
Rent_amt,
furnished,
Bld_no)
VALUES
(324,2,'1BHK',600,689,'furnished',3);


INSERT INTO F15_11_tbla_apartment
(Apt_no,
Floor_no,
Type,
Area,
Rent_amt,
furnished,
Bld_no)
VALUES
(401,0,'4BHK',1000,1089,'furnished',4);


INSERT INTO F15_11_tbla_apartment
(Apt_no,
Floor_no,
Type,
Area,
Rent_amt,
furnished,
Bld_no)
VALUES
(402,0,'4BHK',1000,1089,'furnished',4);


INSERT INTO F15_11_tbla_apartment
(Apt_no,
Floor_no,
Type,
Area,
Rent_amt,
furnished,
Bld_no)
VALUES
(403,0,'4BHK',1000,1089,'furnished',4);


INSERT INTO F15_11_tbla_apartment
(Apt_no,
Floor_no,
Type,
Area,
Rent_amt,
furnished,
Bld_no)
VALUES
(404,0,'4BHK',1000,1089,'furnished',4);


INSERT INTO F15_11_tbla_apartment
(Apt_no,
Floor_no,
Type,
Area,
Rent_amt,
furnished,
Bld_no)
VALUES
(411,1,'4BHK',1000,1089,'furnished',4);


INSERT INTO F15_11_tbla_apartment
(Apt_no,
Floor_no,
Type,
Area,
Rent_amt,
furnished,
Bld_no)
VALUES
(412,1,'4BHK',1000,1089,'furnished',4);


INSERT INTO F15_11_tbla_apartment
(Apt_no,
Floor_no,
Type,
Area,
Rent_amt,
furnished,
Bld_no)
VALUES
(413,1,'4BHK',1000,1089,'furnished',4);


INSERT INTO F15_11_tbla_apartment
(Apt_no,
Floor_no,
Type,
Area,
Rent_amt,
furnished,
Bld_no)
VALUES
(414,1,'4BHK',1000,1089,'furnished',4);


INSERT INTO F15_11_tbla_apartment
(Apt_no,
Floor_no,
Type,
Area,
Rent_amt,
furnished,
Bld_no)
VALUES
(421,2,'4BHK',1000,1089,'furnished',4);


INSERT INTO F15_11_tbla_apartment
(Apt_no,
Floor_no,
Type,
Area,
Rent_amt,
furnished,
Bld_no)
VALUES
(422,2,'4BHK',1000,1089,'furnished',4);


INSERT INTO F15_11_tbla_apartment
(Apt_no,
Floor_no,
Type,
Area,
Rent_amt,
furnished,
Bld_no)
VALUES
(423,2,'4BHK',1000,1089,'furnished',4);


INSERT INTO F15_11_tbla_apartment
(Apt_no,
Floor_no,
Type,
Area,
Rent_amt,
furnished,
Bld_no)
VALUES
(424,2,'4BHK',1000,1089,'furnished',4);


commit;

-----------------------------------
-------Insert into Tenant Table
INSERT INTO F15_11_tbla_tenant
(T_P_ID,Major,Classification,Sign_date,From_date,To_date,
Termination_date,Termination_reason,Ten_Apt_no)
VALUES
(1001,'CSE','',TO_DATE('2015-06-01','yyyy-mm-dd'),TO_DATE('2015-06-01','yyyy-mm-dd'),TO_DATE('2016-05-30','yyyy-mm-dd'),null,'',104);




INSERT INTO F15_11_tbla_tenant
(T_P_ID,Major,Classification,Sign_date,From_date,To_date,
Termination_date,Termination_reason,Ten_Apt_no)
VALUES
(1002,'CSE','',TO_DATE('2015-06-01','yyyy-mm-dd'),TO_DATE('2015-06-01','yyyy-mm-dd'),TO_DATE('2016-05-30','yyyy-mm-dd'),null,'',112);





INSERT INTO F15_11_tbla_tenant
(T_P_ID,Major,Classification,Sign_date,From_date,To_date,
Termination_date,Termination_reason,Ten_Apt_no)
VALUES
(1003,'CSE','',TO_DATE('2015-06-01','yyyy-mm-dd'),TO_DATE('2015-06-01','yyyy-mm-dd'),TO_DATE('2016-05-30','yyyy-mm-dd'),null,'',124);




INSERT INTO F15_11_tbla_tenant
(T_P_ID,Major,Classification,Sign_date,From_date,To_date,
Termination_date,Termination_reason,Ten_Apt_no)
VALUES
(1004,'CSE','',TO_DATE('2015-06-01','yyyy-mm-dd'),TO_DATE('2015-06-01','yyyy-mm-dd'),TO_DATE('2016-05-30','yyyy-mm-dd'),null,'',104);





INSERT INTO F15_11_tbla_tenant
(T_P_ID,Major,Classification,Sign_date,From_date,To_date,
Termination_date,Termination_reason,Ten_Apt_no)
VALUES
(1005,'CSE','',TO_DATE('2015-06-01','yyyy-mm-dd'),TO_DATE('2015-06-01','yyyy-mm-dd'),TO_DATE('2016-05-30','yyyy-mm-dd'),null,'',103);





INSERT INTO F15_11_tbla_tenant
(T_P_ID,Major,Classification,Sign_date,From_date,To_date,
Termination_date,Termination_reason,Ten_Apt_no)
VALUES
(1006,'CSE','',TO_DATE('2015-06-01','yyyy-mm-dd'),TO_DATE('2015-06-01','yyyy-mm-dd'),TO_DATE('2016-05-30','yyyy-mm-dd'),null,'',111);





INSERT INTO F15_11_tbla_tenant
(T_P_ID,Major,Classification,Sign_date,From_date,To_date,
Termination_date,Termination_reason,Ten_Apt_no)
VALUES
(1007,'ELE','',TO_DATE('2015-01-01','yyyy-mm-dd'),TO_DATE('2015-01-01','yyyy-mm-dd'),TO_DATE('2015-12-31','yyyy-mm-dd'),null,'',204);




INSERT INTO F15_11_tbla_tenant
(T_P_ID,Major,Classification,Sign_date,From_date,To_date,
Termination_date,Termination_reason,Ten_Apt_no)
VALUES
(1008,'ELE','',TO_DATE('2015-01-01','yyyy-mm-dd'),TO_DATE('2015-01-01','yyyy-mm-dd'),TO_DATE('2015-12-31','yyyy-mm-dd'),null,'',213);




INSERT INTO F15_11_tbla_tenant
(T_P_ID,Major,Classification,Sign_date,From_date,To_date,
Termination_date,Termination_reason,Ten_Apt_no)
VALUES
(1009,'CSE','',TO_DATE('2015-01-01','yyyy-mm-dd'),TO_DATE('2015-01-01','yyyy-mm-dd'),TO_DATE('2015-12-31','yyyy-mm-dd'),null,'',204);





INSERT INTO F15_11_tbla_tenant
(T_P_ID,Major,Classification,Sign_date,From_date,To_date,
Termination_date,Termination_reason,Ten_Apt_no)
VALUES
(1010,'ELE','',TO_DATE('2015-01-01','yyyy-mm-dd'),TO_DATE('2015-01-01','yyyy-mm-dd'),TO_DATE('2015-12-31','yyyy-mm-dd'),null,'',312);




INSERT INTO F15_11_tbla_tenant
(T_P_ID,Major,Classification,Sign_date,From_date,To_date,
Termination_date,Termination_reason,Ten_Apt_no)
VALUES
(1011,'CSE','',TO_DATE('2015-01-01','yyyy-mm-dd'),TO_DATE('2015-01-01','yyyy-mm-dd'),TO_DATE('2015-12-31','yyyy-mm-dd'),null,'',404);




INSERT INTO F15_11_tbla_tenant
(T_P_ID,Major,Classification,Sign_date,From_date,To_date,
Termination_date,Termination_reason,Ten_Apt_no)
VALUES
(1012,'ELE','',TO_DATE('2016-06-01','yyyy-mm-dd'),TO_DATE('2016-06-01','yyyy-mm-dd'),TO_DATE('2016-05-30','yyyy-mm-dd'),null,'',413);




INSERT INTO F15_11_tbla_tenant
(T_P_ID,Major,Classification,Sign_date,From_date,To_date,
Termination_date,Termination_reason,Ten_Apt_no)
VALUES
(1013,'ETRX','',TO_DATE('2015-01-01','yyyy-mm-dd'),TO_DATE('2015-01-01','yyyy-mm-dd'),TO_DATE('2015-12-31','yyyy-mm-dd'),null,'',222);




INSERT INTO F15_11_tbla_tenant
(T_P_ID,Major,Classification,Sign_date,From_date,To_date,
Termination_date,Termination_reason,Ten_Apt_no)
VALUES
(1014,'ETRX','',TO_DATE('2015-01-01','yyyy-mm-dd'),TO_DATE('2015-01-01','yyyy-mm-dd'),TO_DATE('2015-06-30','yyyy-mm-dd'),null,'',224);




INSERT INTO F15_11_tbla_tenant
(T_P_ID,Major,Classification,Sign_date,From_date,To_date,
Termination_date,Termination_reason,Ten_Apt_no)
VALUES
(1015,'ETRX','',TO_DATE('2015-01-01','yyyy-mm-dd'),TO_DATE('2015-01-01','yyyy-mm-dd'),TO_DATE('2015-12-31','yyyy-mm-dd'),null,'',422);




INSERT INTO F15_11_tbla_tenant
(T_P_ID,Major,Classification,Sign_date,From_date,To_date,
Termination_date,Termination_reason,Ten_Apt_no)
VALUES
(1016,'BIO','',TO_DATE('2015-01-01','yyyy-mm-dd'),TO_DATE('2015-01-01','yyyy-mm-dd'),TO_DATE('2015-12-31','yyyy-mm-dd'),null,'',322);




INSERT INTO F15_11_tbla_tenant
(T_P_ID,Major,Classification,Sign_date,From_date,To_date,
Termination_date,Termination_reason,Ten_Apt_no)
VALUES
(1017,'BIO','',TO_DATE('2015-01-01','yyyy-mm-dd'),TO_DATE('2015-01-01','yyyy-mm-dd'),TO_DATE('2015-12-31','yyyy-mm-dd'),null,'',322);




INSERT INTO F15_11_tbla_tenant
(T_P_ID,Major,Classification,Sign_date,From_date,To_date,
Termination_date,Termination_reason,Ten_Apt_no)
VALUES
(1018,'ETRX','',TO_DATE('2015-01-01','yyyy-mm-dd'),TO_DATE('2015-01-01','yyyy-mm-dd'),TO_DATE('2015-12-31','yyyy-mm-dd'),null,'',422);




INSERT INTO F15_11_tbla_tenant
(T_P_ID,Major,Classification,Sign_date,From_date,To_date,
Termination_date,Termination_reason,Ten_Apt_no)
VALUES
(1019,'ETRX','',TO_DATE('2015-01-01','yyyy-mm-dd'),TO_DATE('2015-01-01','yyyy-mm-dd'),TO_DATE('2015-12-31','yyyy-mm-dd'),null,'',422);




INSERT INTO F15_11_tbla_tenant
(T_P_ID,Major,Classification,Sign_date,From_date,To_date,
Termination_date,Termination_reason,Ten_Apt_no)
VALUES
(1020,'ETRX','',TO_DATE('2015-06-01','yyyy-mm-dd'),TO_DATE('2015-06-01','yyyy-mm-dd'),TO_DATE('2015-05-30','yyyy-mm-dd'),null,'',422);





INSERT INTO F15_11_tbla_tenant
(T_P_ID,Major,Classification,Sign_date,From_date,To_date,
Termination_date,Termination_reason,Ten_Apt_no)
VALUES
(1026,'CSE','',TO_DATE('2015-06-01','yyyy-mm-dd'),TO_DATE('2015-06-01','yyyy-mm-dd'),TO_DATE('2016-05-30','yyyy-mm-dd'),TO_DATE('2015-08-30','yyyy-mm-dd'),'Personal issue',403);




INSERT INTO F15_11_tbla_tenant
(T_P_ID,Major,Classification,Sign_date,From_date,To_date,
Termination_date,Termination_reason,Ten_Apt_no)
VALUES
(1022,'ELE','',TO_DATE('2015-06-01','yyyy-mm-dd'),TO_DATE('2015-06-01','yyyy-mm-dd'),TO_DATE('2016-05-30','yyyy-mm-dd'),TO_DATE('2015-09-30','yyyy-mm-dd'),'Insect issue',122);




INSERT INTO F15_11_tbla_tenant
(T_P_ID,Major,Classification,Sign_date,From_date,To_date,
Termination_date,Termination_reason,Ten_Apt_no)
VALUES
(1023,'ETRX','',TO_DATE('2015-01-01','yyyy-mm-dd'),TO_DATE('2015-01-01','yyyy-mm-dd'),TO_DATE('2015-12-31','yyyy-mm-dd'),TO_DATE('2015-06-30','yyyy-mm-dd'),'Shifted to some other accommodation',422);





INSERT INTO F15_11_tbla_tenant
(T_P_ID,Major,Classification,Sign_date,From_date,To_date,
Termination_date,Termination_reason,Ten_Apt_no)
VALUES
(1027,'BIO','',TO_DATE('2015-06-01','yyyy-mm-dd'),TO_DATE('2015-06-01','yyyy-mm-dd'),TO_DATE('2016-05-30','yyyy-mm-dd'),TO_DATE('2015-11-30','yyyy-mm-dd'),'Rent not paid',301);




INSERT INTO F15_11_tbla_tenant
(T_P_ID,Major,Classification,Sign_date,From_date,To_date,
Termination_date,Termination_reason,Ten_Apt_no)
VALUES
(1029,'ETRX','',TO_DATE('2015-06-01','yyyy-mm-dd'),TO_DATE('2015-06-01','yyyy-mm-dd'),TO_DATE('2016-05-30','yyyy-mm-dd'),TO_DATE('2015-12-31','yyyy-mm-dd'),'Term End',422);

commit;

---------------------------------------------
-------Insert into Employee Table
INSERT INTO F15_11_tbla_employee
(E_P_ID,
E_Type,
Salary)
VALUES
(1021,'Admin',4000);




INSERT INTO F15_11_tbla_employee
(E_P_ID,
E_Type,
Salary)
VALUES
(1024,'Admin',3500);




INSERT INTO F15_11_tbla_employee
(E_P_ID,
E_Type,
Salary)
VALUES
(1028,'Maintenance',4000);




INSERT INTO F15_11_tbla_employee
(E_P_ID,
E_Type,
Salary)
VALUES
(1030,'Maintenance',4500);


commit;

-----------------------------------
-------Insert into Utility Table
INSERT INTO F15_11_tbla_utility
(Month,Year,U_Type,Cost_per_unit,Start_reading,End_reading,Remaining_qty,U_P_ID)
VALUES
('JAN','2015','Electricity',0.49,6328,6428,null,1007);




INSERT INTO F15_11_tbla_utility
(Month,Year,U_Type,Cost_per_unit,Start_reading,End_reading,Remaining_qty,U_P_ID)
VALUES
('JAN','2015','Electricity',0.49,5328,5528,null,1008);




INSERT INTO F15_11_tbla_utility
(Month,Year,U_Type,Cost_per_unit,Start_reading,End_reading,Remaining_qty,U_P_ID)
VALUES
('JAN','2015','Electricity',0.49,5328,5468,null,1009);




INSERT INTO F15_11_tbla_utility
(Month,Year,U_Type,Cost_per_unit,Start_reading,End_reading,Remaining_qty,U_P_ID)
VALUES
('JAN','2015','Electricity',0.49,3328,3458,null,1010);




INSERT INTO F15_11_tbla_utility
(Month,Year,U_Type,Cost_per_unit,Start_reading,End_reading,Remaining_qty,U_P_ID)
VALUES
('JAN','2015','Electricity',0.49,7328,7508,null,1011);



INSERT INTO F15_11_tbla_utility
(Month,Year,U_Type,Cost_per_unit,Start_reading,End_reading,Remaining_qty,U_P_ID)
VALUES
('JAN','2015','Electricity',0.49,5328,5428,null,1012);



INSERT INTO F15_11_tbla_utility
(Month,Year,U_Type,Cost_per_unit,Start_reading,End_reading,Remaining_qty,U_P_ID)
VALUES
('JAN','2015','Electricity',0.49,5438,5528,null,1013);



INSERT INTO F15_11_tbla_utility
(Month,Year,U_Type,Cost_per_unit,Start_reading,End_reading,Remaining_qty,U_P_ID)
VALUES
('JAN','2015','Electricity',0.49,5328,5528,null,1014);



INSERT INTO F15_11_tbla_utility
(Month,Year,U_Type,Cost_per_unit,Start_reading,End_reading,Remaining_qty,U_P_ID)
VALUES
('JAN','2015','Electricity',0.49,5328,5498,null,1015);



INSERT INTO F15_11_tbla_utility
(Month,Year,U_Type,Cost_per_unit,Start_reading,End_reading,Remaining_qty,U_P_ID)
VALUES
('JAN','2015','Electricity',0.49,10328,10448,null,1016);



INSERT INTO F15_11_tbla_utility
(Month,Year,U_Type,Cost_per_unit,Start_reading,End_reading,Remaining_qty,U_P_ID)
VALUES
('JAN','2015','Electricity',0.49,7328,7578,null,1017);



INSERT INTO F15_11_tbla_utility
(Month,Year,U_Type,Cost_per_unit,Start_reading,End_reading,Remaining_qty,U_P_ID)
VALUES
('JAN','2015','Electricity',0.49,3128,3228,null,1018);



INSERT INTO F15_11_tbla_utility
(Month,Year,U_Type,Cost_per_unit,Start_reading,End_reading,Remaining_qty,U_P_ID)
VALUES
('JAN','2015','Electricity',0.49,5328,5528,null,1019);



INSERT INTO F15_11_tbla_utility
(Month,Year,U_Type,Cost_per_unit,Start_reading,End_reading,Remaining_qty,U_P_ID)
VALUES
('JAN','2015','Electricity',0.49,8328,8488,null,1023);



INSERT INTO F15_11_tbla_utility
(Month,Year,U_Type,Cost_per_unit,Start_reading,End_reading,Remaining_qty,U_P_ID)
VALUES

('JAN','2015','Water',0.09,6328,6428,null,1007);




INSERT INTO F15_11_tbla_utility
(Month,Year,U_Type,Cost_per_unit,Start_reading,End_reading,Remaining_qty,U_P_ID)
VALUES

('JAN','2015','Water',0.09,5328,5528,null,1008);




INSERT INTO F15_11_tbla_utility
(Month,Year,U_Type,Cost_per_unit,Start_reading,End_reading,Remaining_qty,U_P_ID)
VALUES

('JAN','2015','Water',0.09,5328,5468,null,1009);




INSERT INTO F15_11_tbla_utility
(Month,Year,U_Type,Cost_per_unit,Start_reading,End_reading,Remaining_qty,U_P_ID)
VALUES

('JAN','2015','Water',0.09,3328,3458,null,1010);




INSERT INTO F15_11_tbla_utility
(Month,Year,U_Type,Cost_per_unit,Start_reading,End_reading,Remaining_qty,U_P_ID)
VALUES

('JAN','2015','Water',0.09,7328,7508,null,1011);



INSERT INTO F15_11_tbla_utility
(Month,Year,U_Type,Cost_per_unit,Start_reading,End_reading,Remaining_qty,U_P_ID)
VALUES

('JAN','2015','Water',0.09,5328,5428,null,1012);



INSERT INTO F15_11_tbla_utility
(Month,Year,U_Type,Cost_per_unit,Start_reading,End_reading,Remaining_qty,U_P_ID)
VALUES

('JAN','2015','Water',0.09,5438,5528,null,1013);



INSERT INTO F15_11_tbla_utility
(Month,Year,U_Type,Cost_per_unit,Start_reading,End_reading,Remaining_qty,U_P_ID)
VALUES

('JAN','2015','Water',0.09,5328,5528,null,1014);



INSERT INTO F15_11_tbla_utility
(Month,Year,U_Type,Cost_per_unit,Start_reading,End_reading,Remaining_qty,U_P_ID)
VALUES

('JAN','2015','Water',0.09,5328,5498,null,1015);



INSERT INTO F15_11_tbla_utility
(Month,Year,U_Type,Cost_per_unit,Start_reading,End_reading,Remaining_qty,U_P_ID)
VALUES

('JAN','2015','Water',0.09,10328,10448,null,1016);



INSERT INTO F15_11_tbla_utility
(Month,Year,U_Type,Cost_per_unit,Start_reading,End_reading,Remaining_qty,U_P_ID)
VALUES

('JAN','2015','Water',0.09,7328,7578,null,1017);



INSERT INTO F15_11_tbla_utility
(Month,Year,U_Type,Cost_per_unit,Start_reading,End_reading,Remaining_qty,U_P_ID)
VALUES

('JAN','2015','Water',0.09,3028,3128,null,1018);



INSERT INTO F15_11_tbla_utility
(Month,Year,U_Type,Cost_per_unit,Start_reading,End_reading,Remaining_qty,U_P_ID)
VALUES

('JAN','2015','Water',0.09,5328,5528,null,1019);



INSERT INTO F15_11_tbla_utility
(Month,Year,U_Type,Cost_per_unit,Start_reading,End_reading,Remaining_qty,U_P_ID)
VALUES

('JAN','2015','Water',0.09,8328,8488,null,1023);




INSERT INTO F15_11_tbla_utility
(Month,Year,U_Type,Cost_per_unit,Start_reading,End_reading,Remaining_qty,U_P_ID)
VALUES
('FEB','2015','Electricity',0.49,6328,6428,null,1007);




INSERT INTO F15_11_tbla_utility
(Month,Year,U_Type,Cost_per_unit,Start_reading,End_reading,Remaining_qty,U_P_ID)
VALUES
('FEB','2015','Electricity',0.49,5328,5528,null,1008);




INSERT INTO F15_11_tbla_utility
(Month,Year,U_Type,Cost_per_unit,Start_reading,End_reading,Remaining_qty,U_P_ID)
VALUES
('FEB','2015','Electricity',0.49,5328,5468,null,1009);




INSERT INTO F15_11_tbla_utility
(Month,Year,U_Type,Cost_per_unit,Start_reading,End_reading,Remaining_qty,U_P_ID)
VALUES
('FEB','2015','Electricity',0.49,3328,3458,null,1010);




INSERT INTO F15_11_tbla_utility
(Month,Year,U_Type,Cost_per_unit,Start_reading,End_reading,Remaining_qty,U_P_ID)
VALUES
('FEB','2015','Electricity',0.49,7328,7508,null,1011);



INSERT INTO F15_11_tbla_utility
(Month,Year,U_Type,Cost_per_unit,Start_reading,End_reading,Remaining_qty,U_P_ID)
VALUES
('FEB','2015','Electricity',0.49,5328,5428,null,1012);



INSERT INTO F15_11_tbla_utility
(Month,Year,U_Type,Cost_per_unit,Start_reading,End_reading,Remaining_qty,U_P_ID)
VALUES
('FEB','2015','Electricity',0.49,5438,5528,null,1013);



INSERT INTO F15_11_tbla_utility
(Month,Year,U_Type,Cost_per_unit,Start_reading,End_reading,Remaining_qty,U_P_ID)
VALUES
('FEB','2015','Electricity',0.49,5328,5528,null,1014);



INSERT INTO F15_11_tbla_utility
(Month,Year,U_Type,Cost_per_unit,Start_reading,End_reading,Remaining_qty,U_P_ID)
VALUES
('FEB','2015','Electricity',0.49,5328,5498,null,1015);



INSERT INTO F15_11_tbla_utility
(Month,Year,U_Type,Cost_per_unit,Start_reading,End_reading,Remaining_qty,U_P_ID)
VALUES
('FEB','2015','Electricity',0.49,10328,10448,null,1016);



INSERT INTO F15_11_tbla_utility
(Month,Year,U_Type,Cost_per_unit,Start_reading,End_reading,Remaining_qty,U_P_ID)
VALUES
('FEB','2015','Electricity',0.49,7328,7578,null,1017);



INSERT INTO F15_11_tbla_utility
(Month,Year,U_Type,Cost_per_unit,Start_reading,End_reading,Remaining_qty,U_P_ID)
VALUES
('FEB','2015','Electricity',0.49,3028,3328,null,1018);



INSERT INTO F15_11_tbla_utility
(Month,Year,U_Type,Cost_per_unit,Start_reading,End_reading,Remaining_qty,U_P_ID)
VALUES
('FEB','2015','Electricity',0.49,5328,5528,null,1019);



INSERT INTO F15_11_tbla_utility
(Month,Year,U_Type,Cost_per_unit,Start_reading,End_reading,Remaining_qty,U_P_ID)
VALUES
('FEB','2015','Electricity',0.49,8328,8488,null,1023);



INSERT INTO F15_11_tbla_utility
(Month,Year,U_Type,Cost_per_unit,Start_reading,End_reading,Remaining_qty,U_P_ID)
VALUES
('FEB','2015','Water',0.09,6328,6428,null,1007);




INSERT INTO F15_11_tbla_utility
(Month,Year,U_Type,Cost_per_unit,Start_reading,End_reading,Remaining_qty,U_P_ID)
VALUES
('FEB','2015','Water',0.09,5328,5528,null,1008);




INSERT INTO F15_11_tbla_utility
(Month,Year,U_Type,Cost_per_unit,Start_reading,End_reading,Remaining_qty,U_P_ID)
VALUES
('FEB','2015','Water',0.09,5328,5468,null,1009);




INSERT INTO F15_11_tbla_utility
(Month,Year,U_Type,Cost_per_unit,Start_reading,End_reading,Remaining_qty,U_P_ID)
VALUES
('FEB','2015','Water',0.09,3328,3458,null,1010);




INSERT INTO F15_11_tbla_utility
(Month,Year,U_Type,Cost_per_unit,Start_reading,End_reading,Remaining_qty,U_P_ID)
VALUES
('FEB','2015','Water',0.09,7328,7508,null,1011);



INSERT INTO F15_11_tbla_utility
(Month,Year,U_Type,Cost_per_unit,Start_reading,End_reading,Remaining_qty,U_P_ID)
VALUES
('FEB','2015','Water',0.09,5328,5428,null,1012);



INSERT INTO F15_11_tbla_utility
(Month,Year,U_Type,Cost_per_unit,Start_reading,End_reading,Remaining_qty,U_P_ID)
VALUES
('FEB','2015','Water',0.09,5438,5528,null,1013);



INSERT INTO F15_11_tbla_utility
(Month,Year,U_Type,Cost_per_unit,Start_reading,End_reading,Remaining_qty,U_P_ID)
VALUES
('FEB','2015','Water',0.09,5328,5528,null,1014);



INSERT INTO F15_11_tbla_utility
(Month,Year,U_Type,Cost_per_unit,Start_reading,End_reading,Remaining_qty,U_P_ID)
VALUES
('FEB','2015','Water',0.09,5328,5498,null,1015);



INSERT INTO F15_11_tbla_utility
(Month,Year,U_Type,Cost_per_unit,Start_reading,End_reading,Remaining_qty,U_P_ID)
VALUES
('FEB','2015','Water',0.09,10328,10448,null,1016);



INSERT INTO F15_11_tbla_utility
(Month,Year,U_Type,Cost_per_unit,Start_reading,End_reading,Remaining_qty,U_P_ID)
VALUES
('FEB','2015','Water',0.09,7328,7578,null,1017);



INSERT INTO F15_11_tbla_utility
(Month,Year,U_Type,Cost_per_unit,Start_reading,End_reading,Remaining_qty,U_P_ID)
VALUES
('FEB','2015','Water',0.09,3028,3328,null,1018);



INSERT INTO F15_11_tbla_utility
(Month,Year,U_Type,Cost_per_unit,Start_reading,End_reading,Remaining_qty,U_P_ID)
VALUES
('FEB','2015','Water',0.09,5328,5528,null,1019);



INSERT INTO F15_11_tbla_utility
(Month,Year,U_Type,Cost_per_unit,Start_reading,End_reading,Remaining_qty,U_P_ID)
VALUES
('FEB','2015','Water',0.09,8328,8488,null,1023);




INSERT INTO F15_11_tbla_utility
(Month,Year,U_Type,Cost_per_unit,Start_reading,End_reading,Remaining_qty,U_P_ID)
VALUES
('MAR','2015','Electricity',0.49,6328,6428,null,1007);




INSERT INTO F15_11_tbla_utility
(Month,Year,U_Type,Cost_per_unit,Start_reading,End_reading,Remaining_qty,U_P_ID)
VALUES
('MAR','2015','Electricity',0.49,5328,5528,null,1008);




INSERT INTO F15_11_tbla_utility
(Month,Year,U_Type,Cost_per_unit,Start_reading,End_reading,Remaining_qty,U_P_ID)
VALUES
('MAR','2015','Electricity',0.49,5328,5468,null,1009);




INSERT INTO F15_11_tbla_utility
(Month,Year,U_Type,Cost_per_unit,Start_reading,End_reading,Remaining_qty,U_P_ID)
VALUES
('MAR','2015','Electricity',0.49,3328,3458,null,1010);




INSERT INTO F15_11_tbla_utility
(Month,Year,U_Type,Cost_per_unit,Start_reading,End_reading,Remaining_qty,U_P_ID)
VALUES
('MAR','2015','Electricity',0.49,7328,7508,null,1011);



INSERT INTO F15_11_tbla_utility
(Month,Year,U_Type,Cost_per_unit,Start_reading,End_reading,Remaining_qty,U_P_ID)
VALUES
('MAR','2015','Electricity',0.49,5328,5428,null,1012);



INSERT INTO F15_11_tbla_utility
(Month,Year,U_Type,Cost_per_unit,Start_reading,End_reading,Remaining_qty,U_P_ID)
VALUES
('MAR','2015','Electricity',0.49,5438,5528,null,1013);



INSERT INTO F15_11_tbla_utility
(Month,Year,U_Type,Cost_per_unit,Start_reading,End_reading,Remaining_qty,U_P_ID)
VALUES
('MAR','2015','Electricity',0.49,5328,5528,null,1014);



INSERT INTO F15_11_tbla_utility
(Month,Year,U_Type,Cost_per_unit,Start_reading,End_reading,Remaining_qty,U_P_ID)
VALUES
('MAR','2015','Electricity',0.49,5328,5498,null,1015);



INSERT INTO F15_11_tbla_utility
(Month,Year,U_Type,Cost_per_unit,Start_reading,End_reading,Remaining_qty,U_P_ID)
VALUES
('MAR','2015','Electricity',0.49,10328,10448,null,1016);



INSERT INTO F15_11_tbla_utility
(Month,Year,U_Type,Cost_per_unit,Start_reading,End_reading,Remaining_qty,U_P_ID)
VALUES
('MAR','2015','Electricity',0.49,7328,7578,null,1017);



INSERT INTO F15_11_tbla_utility
(Month,Year,U_Type,Cost_per_unit,Start_reading,End_reading,Remaining_qty,U_P_ID)
VALUES
('MAR','2015','Electricity',0.49,3028,3328,null,1018);



INSERT INTO F15_11_tbla_utility
(Month,Year,U_Type,Cost_per_unit,Start_reading,End_reading,Remaining_qty,U_P_ID)
VALUES
('MAR','2015','Electricity',0.49,5328,5528,null,1019);



INSERT INTO F15_11_tbla_utility
(Month,Year,U_Type,Cost_per_unit,Start_reading,End_reading,Remaining_qty,U_P_ID)
VALUES
('MAR','2015','Electricity',0.49,8328,8488,null,1023);



INSERT INTO F15_11_tbla_utility
(Month,Year,U_Type,Cost_per_unit,Start_reading,End_reading,Remaining_qty,U_P_ID)
VALUES
('MAR','2015','Water',0.09,6328,6428,null,1007);




INSERT INTO F15_11_tbla_utility
(Month,Year,U_Type,Cost_per_unit,Start_reading,End_reading,Remaining_qty,U_P_ID)
VALUES
('MAR','2015','Water',0.09,5328,5528,null,1008);




INSERT INTO F15_11_tbla_utility
(Month,Year,U_Type,Cost_per_unit,Start_reading,End_reading,Remaining_qty,U_P_ID)
VALUES
('MAR','2015','Water',0.09,5328,5468,null,1009);




INSERT INTO F15_11_tbla_utility
(Month,Year,U_Type,Cost_per_unit,Start_reading,End_reading,Remaining_qty,U_P_ID)
VALUES
('MAR','2015','Water',0.09,3328,3458,null,1010);




INSERT INTO F15_11_tbla_utility
(Month,Year,U_Type,Cost_per_unit,Start_reading,End_reading,Remaining_qty,U_P_ID)
VALUES
('MAR','2015','Water',0.09,7328,7508,null,1011);



INSERT INTO F15_11_tbla_utility
(Month,Year,U_Type,Cost_per_unit,Start_reading,End_reading,Remaining_qty,U_P_ID)
VALUES
('MAR','2015','Water',0.09,5328,5428,null,1012);



INSERT INTO F15_11_tbla_utility
(Month,Year,U_Type,Cost_per_unit,Start_reading,End_reading,Remaining_qty,U_P_ID)
VALUES
('MAR','2015','Water',0.09,5438,5528,null,1013);



INSERT INTO F15_11_tbla_utility
(Month,Year,U_Type,Cost_per_unit,Start_reading,End_reading,Remaining_qty,U_P_ID)
VALUES
('MAR','2015','Water',0.09,5328,5528,null,1014);



INSERT INTO F15_11_tbla_utility
(Month,Year,U_Type,Cost_per_unit,Start_reading,End_reading,Remaining_qty,U_P_ID)
VALUES
('MAR','2015','Water',0.09,5328,5498,null,1015);



INSERT INTO F15_11_tbla_utility
(Month,Year,U_Type,Cost_per_unit,Start_reading,End_reading,Remaining_qty,U_P_ID)
VALUES
('MAR','2015','Water',0.09,10328,10448,null,1016);



INSERT INTO F15_11_tbla_utility
(Month,Year,U_Type,Cost_per_unit,Start_reading,End_reading,Remaining_qty,U_P_ID)
VALUES
('MAR','2015','Water',0.09,7328,7578,null,1017);



INSERT INTO F15_11_tbla_utility
(Month,Year,U_Type,Cost_per_unit,Start_reading,End_reading,Remaining_qty,U_P_ID)
VALUES
('MAR','2015','Water',0.09,3028,3328,null,1018);



INSERT INTO F15_11_tbla_utility
(Month,Year,U_Type,Cost_per_unit,Start_reading,End_reading,Remaining_qty,U_P_ID)
VALUES
('MAR','2015','Water',0.09,5328,5528,null,1019);



INSERT INTO F15_11_tbla_utility
(Month,Year,U_Type,Cost_per_unit,Start_reading,End_reading,Remaining_qty,U_P_ID)
VALUES
('MAR','2015','Water',0.09,8328,8488,null,1023);




INSERT INTO F15_11_tbla_utility
(Month,Year,U_Type,Cost_per_unit,Start_reading,End_reading,Remaining_qty,U_P_ID)
VALUES
('JUN','2015','Electricity',0.49,6328,6428,null,1007);




INSERT INTO F15_11_tbla_utility
(Month,Year,U_Type,Cost_per_unit,Start_reading,End_reading,Remaining_qty,U_P_ID)
VALUES
('JUN','2015','Electricity',0.49,5328,5528,null,1008);




INSERT INTO F15_11_tbla_utility
(Month,Year,U_Type,Cost_per_unit,Start_reading,End_reading,Remaining_qty,U_P_ID)
VALUES
('JUN','2015','Electricity',0.49,5328,5468,null,1009);




INSERT INTO F15_11_tbla_utility
(Month,Year,U_Type,Cost_per_unit,Start_reading,End_reading,Remaining_qty,U_P_ID)
VALUES
('JUN','2015','Electricity',0.49,3328,3458,null,1010);




INSERT INTO F15_11_tbla_utility
(Month,Year,U_Type,Cost_per_unit,Start_reading,End_reading,Remaining_qty,U_P_ID)
VALUES
('JUN','2015','Electricity',0.49,7328,7508,null,1011);



INSERT INTO F15_11_tbla_utility
(Month,Year,U_Type,Cost_per_unit,Start_reading,End_reading,Remaining_qty,U_P_ID)
VALUES
('JUN','2015','Electricity',0.49,5328,5428,null,1012);



INSERT INTO F15_11_tbla_utility
(Month,Year,U_Type,Cost_per_unit,Start_reading,End_reading,Remaining_qty,U_P_ID)
VALUES
('JUN','2015','Electricity',0.49,5438,5528,null,1013);



INSERT INTO F15_11_tbla_utility
(Month,Year,U_Type,Cost_per_unit,Start_reading,End_reading,Remaining_qty,U_P_ID)
VALUES
('JUN','2015','Electricity',0.49,5328,5528,null,1014);



INSERT INTO F15_11_tbla_utility
(Month,Year,U_Type,Cost_per_unit,Start_reading,End_reading,Remaining_qty,U_P_ID)
VALUES
('JUN','2015','Electricity',0.49,5328,5498,null,1015);



INSERT INTO F15_11_tbla_utility
(Month,Year,U_Type,Cost_per_unit,Start_reading,End_reading,Remaining_qty,U_P_ID)
VALUES
('JUN','2015','Electricity',0.49,10328,10448,null,1016);



INSERT INTO F15_11_tbla_utility
(Month,Year,U_Type,Cost_per_unit,Start_reading,End_reading,Remaining_qty,U_P_ID)
VALUES
('JUN','2015','Electricity',0.49,7328,7578,null,1017);



INSERT INTO F15_11_tbla_utility
(Month,Year,U_Type,Cost_per_unit,Start_reading,End_reading,Remaining_qty,U_P_ID)
VALUES
('JUN','2015','Electricity',0.49,3028,3328,null,1018);



INSERT INTO F15_11_tbla_utility
(Month,Year,U_Type,Cost_per_unit,Start_reading,End_reading,Remaining_qty,U_P_ID)
VALUES
('JUN','2015','Electricity',0.49,5328,5528,null,1019);



INSERT INTO F15_11_tbla_utility
(Month,Year,U_Type,Cost_per_unit,Start_reading,End_reading,Remaining_qty,U_P_ID)
VALUES
('JUN','2015','Electricity',0.49,8328,8488,null,1023);



INSERT INTO F15_11_tbla_utility
(Month,Year,U_Type,Cost_per_unit,Start_reading,End_reading,Remaining_qty,U_P_ID)
VALUES
('JUN','2015','Water',0.09,6328,6428,null,1007);




INSERT INTO F15_11_tbla_utility
(Month,Year,U_Type,Cost_per_unit,Start_reading,End_reading,Remaining_qty,U_P_ID)
VALUES
('JUN','2015','Water',0.09,5328,5528,null,1008);




INSERT INTO F15_11_tbla_utility
(Month,Year,U_Type,Cost_per_unit,Start_reading,End_reading,Remaining_qty,U_P_ID)
VALUES
('JUN','2015','Water',0.09,5328,5468,null,1009);




INSERT INTO F15_11_tbla_utility
(Month,Year,U_Type,Cost_per_unit,Start_reading,End_reading,Remaining_qty,U_P_ID)
VALUES
('JUN','2015','Water',0.09,3328,3458,null,1010);




INSERT INTO F15_11_tbla_utility
(Month,Year,U_Type,Cost_per_unit,Start_reading,End_reading,Remaining_qty,U_P_ID)
VALUES
('JUN','2015','Water',0.09,7328,7508,null,1011);



INSERT INTO F15_11_tbla_utility
(Month,Year,U_Type,Cost_per_unit,Start_reading,End_reading,Remaining_qty,U_P_ID)
VALUES
('JUN','2015','Water',0.09,5328,5428,null,1012);



INSERT INTO F15_11_tbla_utility
(Month,Year,U_Type,Cost_per_unit,Start_reading,End_reading,Remaining_qty,U_P_ID)
VALUES
('JUN','2015','Water',0.09,5438,5528,null,1013);



INSERT INTO F15_11_tbla_utility
(Month,Year,U_Type,Cost_per_unit,Start_reading,End_reading,Remaining_qty,U_P_ID)
VALUES
('JUN','2015','Water',0.09,5328,5528,null,1014);



INSERT INTO F15_11_tbla_utility
(Month,Year,U_Type,Cost_per_unit,Start_reading,End_reading,Remaining_qty,U_P_ID)
VALUES
('JUN','2015','Water',0.09,5328,5498,null,1015);



INSERT INTO F15_11_tbla_utility
(Month,Year,U_Type,Cost_per_unit,Start_reading,End_reading,Remaining_qty,U_P_ID)
VALUES
('JUN','2015','Water',0.09,10328,10448,null,1016);



INSERT INTO F15_11_tbla_utility
(Month,Year,U_Type,Cost_per_unit,Start_reading,End_reading,Remaining_qty,U_P_ID)
VALUES
('JUN','2015','Water',0.09,7328,7578,null,1017);



INSERT INTO F15_11_tbla_utility
(Month,Year,U_Type,Cost_per_unit,Start_reading,End_reading,Remaining_qty,U_P_ID)
VALUES
('JUN','2015','Water',0.09,3028,3328,null,1018);



INSERT INTO F15_11_tbla_utility
(Month,Year,U_Type,Cost_per_unit,Start_reading,End_reading,Remaining_qty,U_P_ID)
VALUES
('JUN','2015','Water',0.09,5328,5528,null,1019);



INSERT INTO F15_11_tbla_utility
(Month,Year,U_Type,Cost_per_unit,Start_reading,End_reading,Remaining_qty,U_P_ID)
VALUES
('JUN','2015','Water',0.09,8328,8488,null,1023);



INSERT INTO F15_11_tbla_utility
(Month,Year,U_Type,Cost_per_unit,Start_reading,End_reading,Remaining_qty,U_P_ID)
VALUES
('JUL','2015','Electricity',0.49,6328,6428,null,1007);




INSERT INTO F15_11_tbla_utility
(Month,Year,U_Type,Cost_per_unit,Start_reading,End_reading,Remaining_qty,U_P_ID)
VALUES
('JUL','2015','Electricity',0.49,5328,5528,null,1008);




INSERT INTO F15_11_tbla_utility
(Month,Year,U_Type,Cost_per_unit,Start_reading,End_reading,Remaining_qty,U_P_ID)
VALUES
('JUL','2015','Electricity',0.49,5328,5468,null,1009);




INSERT INTO F15_11_tbla_utility
(Month,Year,U_Type,Cost_per_unit,Start_reading,End_reading,Remaining_qty,U_P_ID)
VALUES
('JUL','2015','Electricity',0.49,3328,3458,null,1010);




INSERT INTO F15_11_tbla_utility
(Month,Year,U_Type,Cost_per_unit,Start_reading,End_reading,Remaining_qty,U_P_ID)
VALUES
('JUL','2015','Electricity',0.49,7328,7508,null,1011);



INSERT INTO F15_11_tbla_utility
(Month,Year,U_Type,Cost_per_unit,Start_reading,End_reading,Remaining_qty,U_P_ID)
VALUES
('JUL','2015','Electricity',0.49,5328,5428,null,1012);



INSERT INTO F15_11_tbla_utility
(Month,Year,U_Type,Cost_per_unit,Start_reading,End_reading,Remaining_qty,U_P_ID)
VALUES
('JUL','2015','Electricity',0.49,5438,5528,null,1013);



INSERT INTO F15_11_tbla_utility
(Month,Year,U_Type,Cost_per_unit,Start_reading,End_reading,Remaining_qty,U_P_ID)
VALUES
('JUL','2015','Electricity',0.49,5328,5528,null,1014);



INSERT INTO F15_11_tbla_utility
(Month,Year,U_Type,Cost_per_unit,Start_reading,End_reading,Remaining_qty,U_P_ID)
VALUES
('JUL','2015','Electricity',0.49,5328,5498,null,1015);



INSERT INTO F15_11_tbla_utility
(Month,Year,U_Type,Cost_per_unit,Start_reading,End_reading,Remaining_qty,U_P_ID)
VALUES
('JUL','2015','Electricity',0.49,10328,10448,null,1016);



INSERT INTO F15_11_tbla_utility
(Month,Year,U_Type,Cost_per_unit,Start_reading,End_reading,Remaining_qty,U_P_ID)
VALUES
('JUL','2015','Electricity',0.49,7328,7578,null,1017);



INSERT INTO F15_11_tbla_utility
(Month,Year,U_Type,Cost_per_unit,Start_reading,End_reading,Remaining_qty,U_P_ID)
VALUES
('JUL','2015','Electricity',0.49,3028,3328,null,1018);



INSERT INTO F15_11_tbla_utility
(Month,Year,U_Type,Cost_per_unit,Start_reading,End_reading,Remaining_qty,U_P_ID)
VALUES
('JUL','2015','Electricity',0.49,5328,5528,null,1019);



INSERT INTO F15_11_tbla_utility
(Month,Year,U_Type,Cost_per_unit,Start_reading,End_reading,Remaining_qty,U_P_ID)
VALUES
('JUL','2015','Electricity',0.49,8328,8488,null,1023);



INSERT INTO F15_11_tbla_utility
(Month,Year,U_Type,Cost_per_unit,Start_reading,End_reading,Remaining_qty,U_P_ID)
VALUES
('JUL','2015','Water',0.09,6328,6428,null,1007);




INSERT INTO F15_11_tbla_utility
(Month,Year,U_Type,Cost_per_unit,Start_reading,End_reading,Remaining_qty,U_P_ID)
VALUES
('JUL','2015','Water',0.09,5328,5528,null,1008);




INSERT INTO F15_11_tbla_utility
(Month,Year,U_Type,Cost_per_unit,Start_reading,End_reading,Remaining_qty,U_P_ID)
VALUES
('JUL','2015','Water',0.09,5328,5468,null,1009);




INSERT INTO F15_11_tbla_utility
(Month,Year,U_Type,Cost_per_unit,Start_reading,End_reading,Remaining_qty,U_P_ID)
VALUES
('JUL','2015','Water',0.09,3328,3458,null,1010);




INSERT INTO F15_11_tbla_utility
(Month,Year,U_Type,Cost_per_unit,Start_reading,End_reading,Remaining_qty,U_P_ID)
VALUES
('JUL','2015','Water',0.09,7328,7508,null,1011);



INSERT INTO F15_11_tbla_utility
(Month,Year,U_Type,Cost_per_unit,Start_reading,End_reading,Remaining_qty,U_P_ID)
VALUES
('JUL','2015','Water',0.09,5328,5428,null,1012);



INSERT INTO F15_11_tbla_utility
(Month,Year,U_Type,Cost_per_unit,Start_reading,End_reading,Remaining_qty,U_P_ID)
VALUES
('JUL','2015','Water',0.09,5438,5528,null,1013);



INSERT INTO F15_11_tbla_utility
(Month,Year,U_Type,Cost_per_unit,Start_reading,End_reading,Remaining_qty,U_P_ID)
VALUES
('JUL','2015','Water',0.09,5328,5528,null,1014);



INSERT INTO F15_11_tbla_utility
(Month,Year,U_Type,Cost_per_unit,Start_reading,End_reading,Remaining_qty,U_P_ID)
VALUES
('JUL','2015','Water',0.09,5328,5498,null,1015);



INSERT INTO F15_11_tbla_utility
(Month,Year,U_Type,Cost_per_unit,Start_reading,End_reading,Remaining_qty,U_P_ID)
VALUES
('JUL','2015','Water',0.09,10328,10448,null,1016);



INSERT INTO F15_11_tbla_utility
(Month,Year,U_Type,Cost_per_unit,Start_reading,End_reading,Remaining_qty,U_P_ID)
VALUES
('JUL','2015','Water',0.09,7328,7578,null,1017);



INSERT INTO F15_11_tbla_utility
(Month,Year,U_Type,Cost_per_unit,Start_reading,End_reading,Remaining_qty,U_P_ID)
VALUES
('JUL','2015','Water',0.09,3028,3328,null,1018);



INSERT INTO F15_11_tbla_utility
(Month,Year,U_Type,Cost_per_unit,Start_reading,End_reading,Remaining_qty,U_P_ID)
VALUES
('JUL','2015','Water',0.09,5328,5528,null,1019);



INSERT INTO F15_11_tbla_utility
(Month,Year,U_Type,Cost_per_unit,Start_reading,End_reading,Remaining_qty,U_P_ID)
VALUES
('JUL','2015','Water',0.09,8328,8488,null,1023);




INSERT INTO F15_11_tbla_utility
(Month,Year,U_Type,Cost_per_unit,Start_reading,End_reading,Remaining_qty,U_P_ID)
VALUES
('AUG','2015','Electricity',0.49,6328,6428,null,1007);




INSERT INTO F15_11_tbla_utility
(Month,Year,U_Type,Cost_per_unit,Start_reading,End_reading,Remaining_qty,U_P_ID)
VALUES
('AUG','2015','Electricity',0.49,5328,5528,null,1008);




INSERT INTO F15_11_tbla_utility
(Month,Year,U_Type,Cost_per_unit,Start_reading,End_reading,Remaining_qty,U_P_ID)
VALUES
('AUG','2015','Electricity',0.49,5328,5468,null,1009);




INSERT INTO F15_11_tbla_utility
(Month,Year,U_Type,Cost_per_unit,Start_reading,End_reading,Remaining_qty,U_P_ID)
VALUES
('AUG','2015','Electricity',0.49,3328,3458,null,1010);




INSERT INTO F15_11_tbla_utility
(Month,Year,U_Type,Cost_per_unit,Start_reading,End_reading,Remaining_qty,U_P_ID)
VALUES
('AUG','2015','Electricity',0.49,7328,7508,null,1011);



INSERT INTO F15_11_tbla_utility
(Month,Year,U_Type,Cost_per_unit,Start_reading,End_reading,Remaining_qty,U_P_ID)
VALUES
('AUG','2015','Electricity',0.49,5328,5428,null,1012);



INSERT INTO F15_11_tbla_utility
(Month,Year,U_Type,Cost_per_unit,Start_reading,End_reading,Remaining_qty,U_P_ID)
VALUES
('AUG','2015','Electricity',0.49,5438,5528,null,1013);



INSERT INTO F15_11_tbla_utility
(Month,Year,U_Type,Cost_per_unit,Start_reading,End_reading,Remaining_qty,U_P_ID)
VALUES
('AUG','2015','Electricity',0.49,5328,5528,null,1014);



INSERT INTO F15_11_tbla_utility
(Month,Year,U_Type,Cost_per_unit,Start_reading,End_reading,Remaining_qty,U_P_ID)
VALUES
('AUG','2015','Electricity',0.49,5328,5498,null,1015);



INSERT INTO F15_11_tbla_utility
(Month,Year,U_Type,Cost_per_unit,Start_reading,End_reading,Remaining_qty,U_P_ID)
VALUES
('AUG','2015','Electricity',0.49,10328,10448,null,1016);



INSERT INTO F15_11_tbla_utility
(Month,Year,U_Type,Cost_per_unit,Start_reading,End_reading,Remaining_qty,U_P_ID)
VALUES
('AUG','2015','Electricity',0.49,7328,7578,null,1017);



INSERT INTO F15_11_tbla_utility
(Month,Year,U_Type,Cost_per_unit,Start_reading,End_reading,Remaining_qty,U_P_ID)
VALUES
('AUG','2015','Electricity',0.49,3028,3328,null,1018);



INSERT INTO F15_11_tbla_utility
(Month,Year,U_Type,Cost_per_unit,Start_reading,End_reading,Remaining_qty,U_P_ID)
VALUES
('AUG','2015','Electricity',0.49,5328,5528,null,1019);



INSERT INTO F15_11_tbla_utility
(Month,Year,U_Type,Cost_per_unit,Start_reading,End_reading,Remaining_qty,U_P_ID)
VALUES
('AUG','2015','Electricity',0.49,8328,8488,null,1023);



INSERT INTO F15_11_tbla_utility
(Month,Year,U_Type,Cost_per_unit,Start_reading,End_reading,Remaining_qty,U_P_ID)
VALUES
('AUG','2015','Water',0.09,6328,6428,null,1007);




INSERT INTO F15_11_tbla_utility
(Month,Year,U_Type,Cost_per_unit,Start_reading,End_reading,Remaining_qty,U_P_ID)
VALUES
('AUG','2015','Water',0.09,5328,5528,null,1008);




INSERT INTO F15_11_tbla_utility
(Month,Year,U_Type,Cost_per_unit,Start_reading,End_reading,Remaining_qty,U_P_ID)
VALUES
('AUG','2015','Water',0.09,5328,5468,null,1009);




INSERT INTO F15_11_tbla_utility
(Month,Year,U_Type,Cost_per_unit,Start_reading,End_reading,Remaining_qty,U_P_ID)
VALUES
('AUG','2015','Water',0.09,3328,3458,null,1010);




INSERT INTO F15_11_tbla_utility
(Month,Year,U_Type,Cost_per_unit,Start_reading,End_reading,Remaining_qty,U_P_ID)
VALUES
('AUG','2015','Water',0.09,7328,7508,null,1011);



INSERT INTO F15_11_tbla_utility
(Month,Year,U_Type,Cost_per_unit,Start_reading,End_reading,Remaining_qty,U_P_ID)
VALUES
('AUG','2015','Water',0.09,5328,5428,null,1012);



INSERT INTO F15_11_tbla_utility
(Month,Year,U_Type,Cost_per_unit,Start_reading,End_reading,Remaining_qty,U_P_ID)
VALUES
('AUG','2015','Water',0.09,5438,5528,null,1013);



INSERT INTO F15_11_tbla_utility
(Month,Year,U_Type,Cost_per_unit,Start_reading,End_reading,Remaining_qty,U_P_ID)
VALUES
('AUG','2015','Water',0.09,5328,5528,null,1014);



INSERT INTO F15_11_tbla_utility
(Month,Year,U_Type,Cost_per_unit,Start_reading,End_reading,Remaining_qty,U_P_ID)
VALUES
('AUG','2015','Water',0.09,5328,5498,null,1015);



INSERT INTO F15_11_tbla_utility
(Month,Year,U_Type,Cost_per_unit,Start_reading,End_reading,Remaining_qty,U_P_ID)
VALUES
('AUG','2015','Water',0.09,10328,10448,null,1016);



INSERT INTO F15_11_tbla_utility
(Month,Year,U_Type,Cost_per_unit,Start_reading,End_reading,Remaining_qty,U_P_ID)
VALUES
('AUG','2015','Water',0.09,7328,7578,null,1017);



INSERT INTO F15_11_tbla_utility
(Month,Year,U_Type,Cost_per_unit,Start_reading,End_reading,Remaining_qty,U_P_ID)
VALUES
('AUG','2015','Water',0.09,3028,3328,null,1018);



INSERT INTO F15_11_tbla_utility
(Month,Year,U_Type,Cost_per_unit,Start_reading,End_reading,Remaining_qty,U_P_ID)
VALUES
('AUG','2015','Water',0.09,5328,5528,null,1019);



INSERT INTO F15_11_tbla_utility
(Month,Year,U_Type,Cost_per_unit,Start_reading,End_reading,Remaining_qty,U_P_ID)
VALUES
('AUG','2015','Water',0.09,8328,8488,null,1023);




INSERT INTO F15_11_tbla_utility
(Month,Year,U_Type,Cost_per_unit,Start_reading,End_reading,Remaining_qty,U_P_ID)
VALUES
('SEP','2015','Electricity',0.49,6328,6428,null,1007);




INSERT INTO F15_11_tbla_utility
(Month,Year,U_Type,Cost_per_unit,Start_reading,End_reading,Remaining_qty,U_P_ID)
VALUES
('SEP','2015','Electricity',0.49,5328,5528,null,1008);




INSERT INTO F15_11_tbla_utility
(Month,Year,U_Type,Cost_per_unit,Start_reading,End_reading,Remaining_qty,U_P_ID)
VALUES
('SEP','2015','Electricity',0.49,5328,5468,null,1009);




INSERT INTO F15_11_tbla_utility
(Month,Year,U_Type,Cost_per_unit,Start_reading,End_reading,Remaining_qty,U_P_ID)
VALUES
('SEP','2015','Electricity',0.49,3328,3458,null,1010);




INSERT INTO F15_11_tbla_utility
(Month,Year,U_Type,Cost_per_unit,Start_reading,End_reading,Remaining_qty,U_P_ID)
VALUES
('SEP','2015','Electricity',0.49,7328,7508,null,1011);



INSERT INTO F15_11_tbla_utility
(Month,Year,U_Type,Cost_per_unit,Start_reading,End_reading,Remaining_qty,U_P_ID)
VALUES
('SEP','2015','Electricity',0.49,5328,5428,null,1012);



INSERT INTO F15_11_tbla_utility
(Month,Year,U_Type,Cost_per_unit,Start_reading,End_reading,Remaining_qty,U_P_ID)
VALUES
('SEP','2015','Electricity',0.49,5438,5528,null,1013);



INSERT INTO F15_11_tbla_utility
(Month,Year,U_Type,Cost_per_unit,Start_reading,End_reading,Remaining_qty,U_P_ID)
VALUES
('SEP','2015','Electricity',0.49,5328,5528,null,1014);



INSERT INTO F15_11_tbla_utility
(Month,Year,U_Type,Cost_per_unit,Start_reading,End_reading,Remaining_qty,U_P_ID)
VALUES
('SEP','2015','Electricity',0.49,5328,5498,null,1015);



INSERT INTO F15_11_tbla_utility
(Month,Year,U_Type,Cost_per_unit,Start_reading,End_reading,Remaining_qty,U_P_ID)
VALUES
('SEP','2015','Electricity',0.49,10328,10448,null,1016);



INSERT INTO F15_11_tbla_utility
(Month,Year,U_Type,Cost_per_unit,Start_reading,End_reading,Remaining_qty,U_P_ID)
VALUES
('SEP','2015','Electricity',0.49,7328,7578,null,1017);

INSERT INTO F15_11_tbla_utility
(Month,Year,U_Type,Cost_per_unit,Start_reading,End_reading,Remaining_qty,U_P_ID)
VALUES
('SEP','2015','Electricity',0.49,3028,3328,null,1018);



INSERT INTO F15_11_tbla_utility
(Month,Year,U_Type,Cost_per_unit,Start_reading,End_reading,Remaining_qty,U_P_ID)
VALUES
('SEP','2015','Electricity',0.49,5328,5528,null,1019);



INSERT INTO F15_11_tbla_utility
(Month,Year,U_Type,Cost_per_unit,Start_reading,End_reading,Remaining_qty,U_P_ID)
VALUES
('SEP','2015','Electricity',0.49,8328,8488,null,1023);







INSERT INTO F15_11_tbla_utility
(Month,Year,U_Type,Cost_per_unit,Start_reading,End_reading,Remaining_qty,U_P_ID)
VALUES
('JUL','2015','Electricity',0.49,5328,5528,null,1001);




INSERT INTO F15_11_tbla_utility
(Month,Year,U_Type,Cost_per_unit,Start_reading,End_reading,Remaining_qty,U_P_ID)
VALUES
('JUL','2015','Electricity',0.49,5328,5468,null,1002);




INSERT INTO F15_11_tbla_utility
(Month,Year,U_Type,Cost_per_unit,Start_reading,End_reading,Remaining_qty,U_P_ID)
VALUES
('JUL','2015','Electricity',0.49,3328,3458,null,1003);




INSERT INTO F15_11_tbla_utility
(Month,Year,U_Type,Cost_per_unit,Start_reading,End_reading,Remaining_qty,U_P_ID)
VALUES
('JUL','2015','Electricity',0.49,7328,7508,null,1004);



INSERT INTO F15_11_tbla_utility
(Month,Year,U_Type,Cost_per_unit,Start_reading,End_reading,Remaining_qty,U_P_ID)
VALUES
('JUL','2015','Electricity',0.49,5328,5428,null,1005);



INSERT INTO F15_11_tbla_utility
(Month,Year,U_Type,Cost_per_unit,Start_reading,End_reading,Remaining_qty,U_P_ID)
VALUES
('JUL','2015','Electricity',0.49,5438,5528,null,1006);



INSERT INTO F15_11_tbla_utility
(Month,Year,U_Type,Cost_per_unit,Start_reading,End_reading,Remaining_qty,U_P_ID)
VALUES
('JUL','2015','Electricity',0.49,5328,5528,null,1020);



INSERT INTO F15_11_tbla_utility
(Month,Year,U_Type,Cost_per_unit,Start_reading,End_reading,Remaining_qty,U_P_ID)
VALUES
('JUL','2015','Electricity',0.49,5328,5498,null,1022);



INSERT INTO F15_11_tbla_utility
(Month,Year,U_Type,Cost_per_unit,Start_reading,End_reading,Remaining_qty,U_P_ID)
VALUES
('JUL','2015','Electricity',0.49,10328,10448,null,1026);



INSERT INTO F15_11_tbla_utility
(Month,Year,U_Type,Cost_per_unit,Start_reading,End_reading,Remaining_qty,U_P_ID)
VALUES
('JUL','2015','Electricity',0.49,7328,7578,null,1027);



INSERT INTO F15_11_tbla_utility
(Month,Year,U_Type,Cost_per_unit,Start_reading,End_reading,Remaining_qty,U_P_ID)
VALUES
('JUL','2015','Electricity',0.49,3028,3328,null,1029);






INSERT INTO F15_11_tbla_utility
(Month,Year,U_Type,Cost_per_unit,Start_reading,End_reading,Remaining_qty,U_P_ID)
VALUES
('AUG','2015','Electricity',0.49,5328,5528,null,1001);



INSERT INTO F15_11_tbla_utility
(Month,Year,U_Type,Cost_per_unit,Start_reading,End_reading,Remaining_qty,U_P_ID)
VALUES
('AUG','2015','Electricity',0.49,5328,5468,null,1002);




INSERT INTO F15_11_tbla_utility
(Month,Year,U_Type,Cost_per_unit,Start_reading,End_reading,Remaining_qty,U_P_ID)
VALUES
('AUG','2015','Electricity',0.49,3328,3458,null,1003);




INSERT INTO F15_11_tbla_utility
(Month,Year,U_Type,Cost_per_unit,Start_reading,End_reading,Remaining_qty,U_P_ID)
VALUES
('AUG','2015','Electricity',0.49,7328,7508,null,1004);



INSERT INTO F15_11_tbla_utility
(Month,Year,U_Type,Cost_per_unit,Start_reading,End_reading,Remaining_qty,U_P_ID)
VALUES
('AUG','2015','Electricity',0.49,5328,5428,null,1005);



INSERT INTO F15_11_tbla_utility
(Month,Year,U_Type,Cost_per_unit,Start_reading,End_reading,Remaining_qty,U_P_ID)
VALUES
('AUG','2015','Electricity',0.49,5438,5528,null,1006);



INSERT INTO F15_11_tbla_utility
(Month,Year,U_Type,Cost_per_unit,Start_reading,End_reading,Remaining_qty,U_P_ID)
VALUES
('AUG','2015','Electricity',0.49,5328,5528,null,1020);



INSERT INTO F15_11_tbla_utility
(Month,Year,U_Type,Cost_per_unit,Start_reading,End_reading,Remaining_qty,U_P_ID)
VALUES
('AUG','2015','Electricity',0.49,5328,5498,null,1022);



INSERT INTO F15_11_tbla_utility
(Month,Year,U_Type,Cost_per_unit,Start_reading,End_reading,Remaining_qty,U_P_ID)
VALUES
('AUG','2015','Electricity',0.49,10328,10448,null,1026);



INSERT INTO F15_11_tbla_utility
(Month,Year,U_Type,Cost_per_unit,Start_reading,End_reading,Remaining_qty,U_P_ID)
VALUES
('AUG','2015','Electricity',0.49,7328,7578,null,1027);



INSERT INTO F15_11_tbla_utility
(Month,Year,U_Type,Cost_per_unit,Start_reading,End_reading,Remaining_qty,U_P_ID)
VALUES
('AUG','2015','Electricity',0.49,3028,3328,null,1029);







INSERT INTO F15_11_tbla_utility
(Month,Year,U_Type,Cost_per_unit,Start_reading,End_reading,Remaining_qty,U_P_ID)
VALUES
('SEP','2015','Electricity',0.49,5328,5528,null,1001);



INSERT INTO F15_11_tbla_utility
(Month,Year,U_Type,Cost_per_unit,Start_reading,End_reading,Remaining_qty,U_P_ID)
VALUES
('SEP','2015','Electricity',0.49,5328,5468,null,1002);




INSERT INTO F15_11_tbla_utility
(Month,Year,U_Type,Cost_per_unit,Start_reading,End_reading,Remaining_qty,U_P_ID)
VALUES
('SEP','2015','Electricity',0.49,3328,3458,null,1003);




INSERT INTO F15_11_tbla_utility
(Month,Year,U_Type,Cost_per_unit,Start_reading,End_reading,Remaining_qty,U_P_ID)
VALUES
('SEP','2015','Electricity',0.49,7328,7508,null,1004);



INSERT INTO F15_11_tbla_utility
(Month,Year,U_Type,Cost_per_unit,Start_reading,End_reading,Remaining_qty,U_P_ID)
VALUES
('SEP','2015','Electricity',0.49,5328,5428,null,1005);



INSERT INTO F15_11_tbla_utility
(Month,Year,U_Type,Cost_per_unit,Start_reading,End_reading,Remaining_qty,U_P_ID)
VALUES
('SEP','2015','Electricity',0.49,5438,5528,null,1006);



INSERT INTO F15_11_tbla_utility
(Month,Year,U_Type,Cost_per_unit,Start_reading,End_reading,Remaining_qty,U_P_ID)
VALUES
('SEP','2015','Electricity',0.49,5328,5528,null,1020);



INSERT INTO F15_11_tbla_utility
(Month,Year,U_Type,Cost_per_unit,Start_reading,End_reading,Remaining_qty,U_P_ID)
VALUES
('SEP','2015','Electricity',0.49,5328,5498,null,1022);



INSERT INTO F15_11_tbla_utility
(Month,Year,U_Type,Cost_per_unit,Start_reading,End_reading,Remaining_qty,U_P_ID)
VALUES
('SEP','2015','Electricity',0.49,10328,10448,null,1026);



INSERT INTO F15_11_tbla_utility
(Month,Year,U_Type,Cost_per_unit,Start_reading,End_reading,Remaining_qty,U_P_ID)
VALUES
('SEP','2015','Electricity',0.49,7328,7578,null,1027);



INSERT INTO F15_11_tbla_utility
(Month,Year,U_Type,Cost_per_unit,Start_reading,End_reading,Remaining_qty,U_P_ID)
VALUES
('SEP','2015','Electricity',0.49,3028,3328,null,1029);







INSERT INTO F15_11_tbla_utility
(Month,Year,U_Type,Cost_per_unit,Start_reading,End_reading,Remaining_qty,U_P_ID)
VALUES
('JUN','2015','Water',0.09,5328,5528,null,1001);




INSERT INTO F15_11_tbla_utility
(Month,Year,U_Type,Cost_per_unit,Start_reading,End_reading,Remaining_qty,U_P_ID)
VALUES
('JUN','2015','Water',0.09,5328,5468,null,1002);




INSERT INTO F15_11_tbla_utility
(Month,Year,U_Type,Cost_per_unit,Start_reading,End_reading,Remaining_qty,U_P_ID)
VALUES
('JUN','2015','Water',0.09,3328,3458,null,1003);




INSERT INTO F15_11_tbla_utility
(Month,Year,U_Type,Cost_per_unit,Start_reading,End_reading,Remaining_qty,U_P_ID)
VALUES
('JUN','2015','Water',0.09,7328,7508,null,1004);



INSERT INTO F15_11_tbla_utility
(Month,Year,U_Type,Cost_per_unit,Start_reading,End_reading,Remaining_qty,U_P_ID)
VALUES
('JUN','2015','Water',0.09,5328,5428,null,1005);



INSERT INTO F15_11_tbla_utility
(Month,Year,U_Type,Cost_per_unit,Start_reading,End_reading,Remaining_qty,U_P_ID)
VALUES
('JUN','2015','Water',0.09,5438,5528,null,1006);



INSERT INTO F15_11_tbla_utility
(Month,Year,U_Type,Cost_per_unit,Start_reading,End_reading,Remaining_qty,U_P_ID)
VALUES
('JUN','2015','Water',0.09,5328,5528,null,1020);



INSERT INTO F15_11_tbla_utility
(Month,Year,U_Type,Cost_per_unit,Start_reading,End_reading,Remaining_qty,U_P_ID)
VALUES
('JUN','2015','Water',0.09,5328,5498,null,1022);



INSERT INTO F15_11_tbla_utility
(Month,Year,U_Type,Cost_per_unit,Start_reading,End_reading,Remaining_qty,U_P_ID)
VALUES
('JUN','2015','Water',0.09,10328,10448,null,1026);

INSERT INTO F15_11_tbla_utility
(Month,Year,U_Type,Cost_per_unit,Start_reading,End_reading,Remaining_qty,U_P_ID)
VALUES
('JUN','2015','Water',0.09,7328,7578,null,1027);



INSERT INTO F15_11_tbla_utility
(Month,Year,U_Type,Cost_per_unit,Start_reading,End_reading,Remaining_qty,U_P_ID)
VALUES
('JUN','2015','Water',0.09,3028,3328,null,1029);






INSERT INTO F15_11_tbla_utility
(Month,Year,U_Type,Cost_per_unit,Start_reading,End_reading,Remaining_qty,U_P_ID)
VALUES
('JUL','2015','Water',0.09,5328,5528,null,1001);




INSERT INTO F15_11_tbla_utility
(Month,Year,U_Type,Cost_per_unit,Start_reading,End_reading,Remaining_qty,U_P_ID)
VALUES
('JUL','2015','Water',0.09,5328,5468,null,1002);




INSERT INTO F15_11_tbla_utility
(Month,Year,U_Type,Cost_per_unit,Start_reading,End_reading,Remaining_qty,U_P_ID)
VALUES
('JUL','2015','Water',0.09,3328,3458,null,1003);




INSERT INTO F15_11_tbla_utility
(Month,Year,U_Type,Cost_per_unit,Start_reading,End_reading,Remaining_qty,U_P_ID)
VALUES
('JUL','2015','Water',0.09,7328,7508,null,1004);



INSERT INTO F15_11_tbla_utility
(Month,Year,U_Type,Cost_per_unit,Start_reading,End_reading,Remaining_qty,U_P_ID)
VALUES
('JUL','2015','Water',0.09,5328,5428,null,1005);



INSERT INTO F15_11_tbla_utility
(Month,Year,U_Type,Cost_per_unit,Start_reading,End_reading,Remaining_qty,U_P_ID)
VALUES
('JUL','2015','Water',0.09,5438,5528,null,1006);



INSERT INTO F15_11_tbla_utility
(Month,Year,U_Type,Cost_per_unit,Start_reading,End_reading,Remaining_qty,U_P_ID)
VALUES
('JUL','2015','Water',0.09,5328,5528,null,1020);



INSERT INTO F15_11_tbla_utility
(Month,Year,U_Type,Cost_per_unit,Start_reading,End_reading,Remaining_qty,U_P_ID)
VALUES
('JUL','2015','Water',0.09,5328,5498,null,1022);



INSERT INTO F15_11_tbla_utility
(Month,Year,U_Type,Cost_per_unit,Start_reading,End_reading,Remaining_qty,U_P_ID)
VALUES
('JUL','2015','Water',0.09,10328,10448,null,1026);



INSERT INTO F15_11_tbla_utility
(Month,Year,U_Type,Cost_per_unit,Start_reading,End_reading,Remaining_qty,U_P_ID)
VALUES
('JUL','2015','Water',0.09,7328,7578,null,1027);



INSERT INTO F15_11_tbla_utility
(Month,Year,U_Type,Cost_per_unit,Start_reading,End_reading,Remaining_qty,U_P_ID)
VALUES
('JUL','2015','Water',0.09,3028,3328,null,1029);







INSERT INTO F15_11_tbla_utility
(Month,Year,U_Type,Cost_per_unit,Start_reading,End_reading,Remaining_qty,U_P_ID)
VALUES
('AUG','2015','Water',0.09,5328,5528,null,1001);




INSERT INTO F15_11_tbla_utility
(Month,Year,U_Type,Cost_per_unit,Start_reading,End_reading,Remaining_qty,U_P_ID)
VALUES
('AUG','2015','Water',0.09,5328,5468,null,1002);




INSERT INTO F15_11_tbla_utility
(Month,Year,U_Type,Cost_per_unit,Start_reading,End_reading,Remaining_qty,U_P_ID)
VALUES
('AUG','2015','Water',0.09,3328,3458,null,1003);




INSERT INTO F15_11_tbla_utility
(Month,Year,U_Type,Cost_per_unit,Start_reading,End_reading,Remaining_qty,U_P_ID)
VALUES
('AUG','2015','Water',0.09,7328,7508,null,1004);



INSERT INTO F15_11_tbla_utility
(Month,Year,U_Type,Cost_per_unit,Start_reading,End_reading,Remaining_qty,U_P_ID)
VALUES
('AUG','2015','Water',0.09,5328,5428,null,1005);



INSERT INTO F15_11_tbla_utility
(Month,Year,U_Type,Cost_per_unit,Start_reading,End_reading,Remaining_qty,U_P_ID)
VALUES
('AUG','2015','Water',0.09,5438,5528,null,1006);



INSERT INTO F15_11_tbla_utility
(Month,Year,U_Type,Cost_per_unit,Start_reading,End_reading,Remaining_qty,U_P_ID)
VALUES
('AUG','2015','Water',0.09,5328,5528,null,1020);



INSERT INTO F15_11_tbla_utility
(Month,Year,U_Type,Cost_per_unit,Start_reading,End_reading,Remaining_qty,U_P_ID)
VALUES
('AUG','2015','Water',0.09,5328,5498,null,1022);



INSERT INTO F15_11_tbla_utility
(Month,Year,U_Type,Cost_per_unit,Start_reading,End_reading,Remaining_qty,U_P_ID)
VALUES
('AUG','2015','Water',0.09,10328,10448,null,1026);



INSERT INTO F15_11_tbla_utility
(Month,Year,U_Type,Cost_per_unit,Start_reading,End_reading,Remaining_qty,U_P_ID)
VALUES
('AUG','2015','Water',0.09,7328,7578,null,1027);



INSERT INTO F15_11_tbla_utility
(Month,Year,U_Type,Cost_per_unit,Start_reading,End_reading,Remaining_qty,U_P_ID)
VALUES
('AUG','2015','Water',0.09,3028,3328,null,1029);







INSERT INTO F15_11_tbla_utility
(Month,Year,U_Type,Cost_per_unit,Start_reading,End_reading,Remaining_qty,U_P_ID)
VALUES
('SEP','2015','Water',0.09,5328,5528,null,1001);




INSERT INTO F15_11_tbla_utility
(Month,Year,U_Type,Cost_per_unit,Start_reading,End_reading,Remaining_qty,U_P_ID)
VALUES
('SEP','2015','Water',0.09,5328,5468,null,1002);



INSERT INTO F15_11_tbla_utility
(Month,Year,U_Type,Cost_per_unit,Start_reading,End_reading,Remaining_qty,U_P_ID)
VALUES
('SEP','2015','Water',0.09,3328,3458,null,1003);




INSERT INTO F15_11_tbla_utility
(Month,Year,U_Type,Cost_per_unit,Start_reading,End_reading,Remaining_qty,U_P_ID)
VALUES
('SEP','2015','Water',0.09,7328,7508,null,1004);



INSERT INTO F15_11_tbla_utility
(Month,Year,U_Type,Cost_per_unit,Start_reading,End_reading,Remaining_qty,U_P_ID)
VALUES
('SEP','2015','Water',0.09,5328,5428,null,1005);



INSERT INTO F15_11_tbla_utility
(Month,Year,U_Type,Cost_per_unit,Start_reading,End_reading,Remaining_qty,U_P_ID)
VALUES
('SEP','2015','Water',0.09,5438,5528,null,1006);



INSERT INTO F15_11_tbla_utility
(Month,Year,U_Type,Cost_per_unit,Start_reading,End_reading,Remaining_qty,U_P_ID)
VALUES
('SEP','2015','Water',0.09,5328,5528,null,1020);



INSERT INTO F15_11_tbla_utility
(Month,Year,U_Type,Cost_per_unit,Start_reading,End_reading,Remaining_qty,U_P_ID)
VALUES
('SEP','2015','Water',0.09,5328,5498,null,1022);



INSERT INTO F15_11_tbla_utility
(Month,Year,U_Type,Cost_per_unit,Start_reading,End_reading,Remaining_qty,U_P_ID)
VALUES
('SEP','2015','Water',0.09,10328,10448,null,1026);



INSERT INTO F15_11_tbla_utility
(Month,Year,U_Type,Cost_per_unit,Start_reading,End_reading,Remaining_qty,U_P_ID)
VALUES
('SEP','2015','Water',0.09,7328,7578,null,1027);

INSERT INTO F15_11_tbla_utility
(Month,Year,U_Type,Cost_per_unit,Start_reading,End_reading,Remaining_qty,U_P_ID)
VALUES
('SEP','2015','Water',0.09,3028,3328,null,1029);


---------------------------
---OWNER entries
INSERT INTO F15_11_tbla_utility
(Month,Year,U_Type,Cost_per_unit,Start_reading,End_reading,Remaining_qty,U_P_ID)
VALUES
('JAN','2015','Electricity',0.09,null,null,310,1025);


INSERT INTO F15_11_tbla_utility
(Month,Year,U_Type,Cost_per_unit,Start_reading,End_reading,Remaining_qty,U_P_ID)
VALUES
('FEB','2015','Electricity',0.09,null,null,340,1025);

INSERT INTO F15_11_tbla_utility
(Month,Year,U_Type,Cost_per_unit,Start_reading,End_reading,Remaining_qty,U_P_ID)
VALUES
('MAR','2015','Electricity',0.09,null,null,333,1025);

INSERT INTO F15_11_tbla_utility
(Month,Year,U_Type,Cost_per_unit,Start_reading,End_reading,Remaining_qty,U_P_ID)
VALUES
('APR','2015','Electricity',0.09,null,null,150,1025);

INSERT INTO F15_11_tbla_utility
(Month,Year,U_Type,Cost_per_unit,Start_reading,End_reading,Remaining_qty,U_P_ID)
VALUES
('MAY','2015','Electricity',0.09,null,null,180,1025);

INSERT INTO F15_11_tbla_utility
(Month,Year,U_Type,Cost_per_unit,Start_reading,End_reading,Remaining_qty,U_P_ID)
VALUES
('JUN','2015','Electricity',0.09,null,null,305,1025);

INSERT INTO F15_11_tbla_utility
(Month,Year,U_Type,Cost_per_unit,Start_reading,End_reading,Remaining_qty,U_P_ID)
VALUES
('JUL','2015','Electricity',0.09,null,null,350,1025);

INSERT INTO F15_11_tbla_utility
(Month,Year,U_Type,Cost_per_unit,Start_reading,End_reading,Remaining_qty,U_P_ID)
VALUES
('AUG','2015','Electricity',0.09,null,null,380,1025);

INSERT INTO F15_11_tbla_utility
(Month,Year,U_Type,Cost_per_unit,Start_reading,End_reading,Remaining_qty,U_P_ID)
VALUES
('SEP','2015','Electricity',0.09,null,null,400,1025);

INSERT INTO F15_11_tbla_utility
(Month,Year,U_Type,Cost_per_unit,Start_reading,End_reading,Remaining_qty,U_P_ID)
VALUES
('OCT','2015','Electricity',0.09,null,null,375,1025);

INSERT INTO F15_11_tbla_utility
(Month,Year,U_Type,Cost_per_unit,Start_reading,End_reading,Remaining_qty,U_P_ID)
VALUES
('NOV','2015','Electricity',0.09,null,null,364,1025);

INSERT INTO F15_11_tbla_utility
(Month,Year,U_Type,Cost_per_unit,Start_reading,End_reading,Remaining_qty,U_P_ID)
VALUES
('DEC','2015','Electricity',0.09,null,null,400,1025);

INSERT INTO F15_11_tbla_utility
(Month,Year,U_Type,Cost_per_unit,Start_reading,End_reading,Remaining_qty,U_P_ID)
VALUES
('JAN','2015','Water',0.09,null,null,200,1025);


INSERT INTO F15_11_tbla_utility
(Month,Year,U_Type,Cost_per_unit,Start_reading,End_reading,Remaining_qty,U_P_ID)
VALUES
('FEB','2015','Water',0.09,null,null,180,1025);

INSERT INTO F15_11_tbla_utility
(Month,Year,U_Type,Cost_per_unit,Start_reading,End_reading,Remaining_qty,U_P_ID)
VALUES
('MAR','2015','Water',0.09,null,null,195,1025);

INSERT INTO F15_11_tbla_utility
(Month,Year,U_Type,Cost_per_unit,Start_reading,End_reading,Remaining_qty,U_P_ID)
VALUES
('APR','2015','Water',0.09,null,null,230,1025);

INSERT INTO F15_11_tbla_utility
(Month,Year,U_Type,Cost_per_unit,Start_reading,End_reading,Remaining_qty,U_P_ID)
VALUES
('MAY','2015','Water',0.09,null,null,250,1025);

INSERT INTO F15_11_tbla_utility
(Month,Year,U_Type,Cost_per_unit,Start_reading,End_reading,Remaining_qty,U_P_ID)
VALUES
('JUN','2015','Water',0.09,null,null,265,1025);

INSERT INTO F15_11_tbla_utility
(Month,Year,U_Type,Cost_per_unit,Start_reading,End_reading,Remaining_qty,U_P_ID)
VALUES
('JUL','2015','Water',0.09,null,null,270,1025);

INSERT INTO F15_11_tbla_utility
(Month,Year,U_Type,Cost_per_unit,Start_reading,End_reading,Remaining_qty,U_P_ID)
VALUES
('AUG','2015','Water',0.09,null,null,254,1025);

INSERT INTO F15_11_tbla_utility
(Month,Year,U_Type,Cost_per_unit,Start_reading,End_reading,Remaining_qty,U_P_ID)
VALUES
('SEP','2015','Water',0.09,null,null,235,1025);

INSERT INTO F15_11_tbla_utility
(Month,Year,U_Type,Cost_per_unit,Start_reading,End_reading,Remaining_qty,U_P_ID)
VALUES
('OCT','2015','Water',0.09,null,null,234,1025);

INSERT INTO F15_11_tbla_utility
(Month,Year,U_Type,Cost_per_unit,Start_reading,End_reading,Remaining_qty,U_P_ID)
VALUES
('NOV','2015','Water',0.09,null,null,197,1025);

INSERT INTO F15_11_tbla_utility
(Month,Year,U_Type,Cost_per_unit,Start_reading,End_reading,Remaining_qty,U_P_ID)
VALUES
('DEC','2015','Water',0.09,null,null,195,1025);

commit;

----------------------------
-------Insert into Amount paid Table

INSERT INTO F15_11_tbla_amount_paid(T_P_ID,
E_P_ID,
Amount,
AP_Date)
VALUES
(1001,1021,987,TO_DATE('2015-08-01','yyyy-mm-dd'));


INSERT INTO F15_11_tbla_amount_paid(T_P_ID,
E_P_ID,
Amount,
AP_Date)
VALUES
(1001,1021,1017,TO_DATE('2015-07-06','yyyy-mm-dd'));


INSERT INTO F15_11_tbla_amount_paid(T_P_ID,
E_P_ID,
Amount,
AP_Date)
VALUES
(1001,1021,987,TO_DATE('2015-09-01','yyyy-mm-dd'));


INSERT INTO F15_11_tbla_amount_paid(T_P_ID,
E_P_ID,
Amount,
AP_Date)
VALUES
(1001,1021,907,TO_DATE('2015-08-01','yyyy-mm-dd'));


INSERT INTO F15_11_tbla_amount_paid(T_P_ID,
E_P_ID,
Amount,
AP_Date)
VALUES
(1001,1021,907,TO_DATE('2015-07-01','yyyy-mm-dd'));


INSERT INTO F15_11_tbla_amount_paid(T_P_ID,
E_P_ID,
Amount,
AP_Date)
VALUES
(1001,1021,907,TO_DATE('2015-06-01','yyyy-mm-dd'));


INSERT INTO F15_11_tbla_amount_paid(T_P_ID,
E_P_ID,
Amount,
AP_Date)
VALUES
(1001,1021,907,TO_DATE('2015-09-01','yyyy-mm-dd'));


INSERT INTO F15_11_tbla_amount_paid(T_P_ID,
E_P_ID,
Amount,
AP_Date)
VALUES
(1002,1021,957.6,TO_DATE('2015-08-01','yyyy-mm-dd'));


INSERT INTO F15_11_tbla_amount_paid(T_P_ID,
E_P_ID,
Amount,
AP_Date)
VALUES
(1002,1021,987.6,TO_DATE('2015-07-06','yyyy-mm-dd'));


INSERT INTO F15_11_tbla_amount_paid(T_P_ID,
E_P_ID,
Amount,
AP_Date)
VALUES
(1002,1021,957.6,TO_DATE('2015-09-01','yyyy-mm-dd'));


INSERT INTO F15_11_tbla_amount_paid(T_P_ID,
E_P_ID,
Amount,
AP_Date)
VALUES
(1002,1021,901.6,TO_DATE('2015-08-01','yyyy-mm-dd'));


INSERT INTO F15_11_tbla_amount_paid(T_P_ID,
E_P_ID,
Amount,
AP_Date)
VALUES
(1002,1021,901.6,TO_DATE('2015-07-01','yyyy-mm-dd'));


INSERT INTO F15_11_tbla_amount_paid(T_P_ID,
E_P_ID,
Amount,
AP_Date)
VALUES
(1002,1021,901.6,TO_DATE('2015-06-01','yyyy-mm-dd'));


INSERT INTO F15_11_tbla_amount_paid(T_P_ID,
E_P_ID,
Amount,
AP_Date)
VALUES
(1002,1021,901.6,TO_DATE('2015-09-01','yyyy-mm-dd'));


INSERT INTO F15_11_tbla_amount_paid(T_P_ID,
E_P_ID,
Amount,
AP_Date)
VALUES
(1003,1021,952.7,TO_DATE('2015-08-01','yyyy-mm-dd'));


INSERT INTO F15_11_tbla_amount_paid(T_P_ID,
E_P_ID,
Amount,
AP_Date)
VALUES
(1003,1021,952.7,TO_DATE('2015-07-02','yyyy-mm-dd'));


INSERT INTO F15_11_tbla_amount_paid(T_P_ID,
E_P_ID,
Amount,
AP_Date)
VALUES
(1003,1021,952.7,TO_DATE('2015-09-01','yyyy-mm-dd'));


INSERT INTO F15_11_tbla_amount_paid(T_P_ID,
E_P_ID,
Amount,
AP_Date)
VALUES
(1003,1021,900.7,TO_DATE('2015-08-01','yyyy-mm-dd'));


INSERT INTO F15_11_tbla_amount_paid(T_P_ID,
E_P_ID,
Amount,
AP_Date)
VALUES
(1003,1021,900.7,TO_DATE('2015-07-01','yyyy-mm-dd'));


INSERT INTO F15_11_tbla_amount_paid(T_P_ID,
E_P_ID,
Amount,
AP_Date)
VALUES
(1003,1021,900.7,TO_DATE('2015-06-01','yyyy-mm-dd'));


INSERT INTO F15_11_tbla_amount_paid(T_P_ID,
E_P_ID,
Amount,
AP_Date)
VALUES
(1003,1021,900.7,TO_DATE('2015-09-01','yyyy-mm-dd'));


INSERT INTO F15_11_tbla_amount_paid(T_P_ID,
E_P_ID,
Amount,
AP_Date)
VALUES
(1004,1021,977.2,TO_DATE('2015-08-01','yyyy-mm-dd'));


INSERT INTO F15_11_tbla_amount_paid(T_P_ID,
E_P_ID,
Amount,
AP_Date)
VALUES
(1004,1021,977.2,TO_DATE('2015-07-01','yyyy-mm-dd'));


INSERT INTO F15_11_tbla_amount_paid(T_P_ID,
E_P_ID,
Amount,
AP_Date)
VALUES
(1004,1021,977.2,TO_DATE('2015-09-01','yyyy-mm-dd'));


INSERT INTO F15_11_tbla_amount_paid(T_P_ID,
E_P_ID,
Amount,
AP_Date)
VALUES
(1004,1021,905.2,TO_DATE('2015-08-01','yyyy-mm-dd'));

INSERT INTO F15_11_tbla_amount_paid(T_P_ID,
E_P_ID,
Amount,
AP_Date)
VALUES
(1004,1021,905.2,TO_DATE('2015-07-01','yyyy-mm-dd'));


INSERT INTO F15_11_tbla_amount_paid(T_P_ID,
E_P_ID,
Amount,
AP_Date)
VALUES
(1004,1021,905.2,TO_DATE('2015-06-01','yyyy-mm-dd'));


INSERT INTO F15_11_tbla_amount_paid(T_P_ID,
E_P_ID,
Amount,
AP_Date)
VALUES
(1004,1021,905.2,TO_DATE('2015-09-01','yyyy-mm-dd'));


INSERT INTO F15_11_tbla_amount_paid(T_P_ID,
E_P_ID,
Amount,
AP_Date)
VALUES
(1005,1021,938,TO_DATE('2015-08-01','yyyy-mm-dd'));


INSERT INTO F15_11_tbla_amount_paid(T_P_ID,
E_P_ID,
Amount,
AP_Date)
VALUES
(1005,1021,938,TO_DATE('2015-07-01','yyyy-mm-dd'));


INSERT INTO F15_11_tbla_amount_paid(T_P_ID,
E_P_ID,
Amount,
AP_Date)
VALUES
(1005,1021,938,TO_DATE('2015-09-01','yyyy-mm-dd'));


INSERT INTO F15_11_tbla_amount_paid(T_P_ID,
E_P_ID,
Amount,
AP_Date)
VALUES
(1005,1021,898,TO_DATE('2015-08-01','yyyy-mm-dd'));


INSERT INTO F15_11_tbla_amount_paid(T_P_ID,
E_P_ID,
Amount,
AP_Date)
VALUES
(1005,1021,898,TO_DATE('2015-07-03','yyyy-mm-dd'));


INSERT INTO F15_11_tbla_amount_paid(T_P_ID,
E_P_ID,
Amount,
AP_Date)
VALUES
(1005,1021,928,TO_DATE('2015-06-10','yyyy-mm-dd'));


INSERT INTO F15_11_tbla_amount_paid(T_P_ID,
E_P_ID,
Amount,
AP_Date)
VALUES
(1005,1021,898,TO_DATE('2015-09-01','yyyy-mm-dd'));


INSERT INTO F15_11_tbla_amount_paid(T_P_ID,
E_P_ID,
Amount,
AP_Date)
VALUES
(1006,1021,933.1,TO_DATE('2015-08-01','yyyy-mm-dd'));


INSERT INTO F15_11_tbla_amount_paid(T_P_ID,
E_P_ID,
Amount,
AP_Date)
VALUES
(1006,1021,933.1,TO_DATE('2015-07-01','yyyy-mm-dd'));


INSERT INTO F15_11_tbla_amount_paid(T_P_ID,
E_P_ID,
Amount,
AP_Date)
VALUES
(1006,1021,933.1,TO_DATE('2015-09-01','yyyy-mm-dd'));


INSERT INTO F15_11_tbla_amount_paid(T_P_ID,
E_P_ID,
Amount,
AP_Date)
VALUES
(1006,1021,897.1,TO_DATE('2015-08-01','yyyy-mm-dd'));


INSERT INTO F15_11_tbla_amount_paid(T_P_ID,
E_P_ID,
Amount,
AP_Date)
VALUES
(1006,1021,897.1,TO_DATE('2015-07-01','yyyy-mm-dd'));


INSERT INTO F15_11_tbla_amount_paid(T_P_ID,
E_P_ID,
Amount,
AP_Date)
VALUES
(1006,1021,927.1,TO_DATE('2015-06-06','yyyy-mm-dd'));


INSERT INTO F15_11_tbla_amount_paid(T_P_ID,
E_P_ID,
Amount,
AP_Date)
VALUES
(1006,1021,897.1,TO_DATE('2015-09-01','yyyy-mm-dd'));


INSERT INTO F15_11_tbla_amount_paid(T_P_ID,
E_P_ID,
Amount,
AP_Date)
VALUES
(1007,1021,938,TO_DATE('2015-08-01','yyyy-mm-dd'));


INSERT INTO F15_11_tbla_amount_paid(T_P_ID,
E_P_ID,
Amount,
AP_Date)
VALUES
(1007,1021,938,TO_DATE('2015-02-01','yyyy-mm-dd'));


INSERT INTO F15_11_tbla_amount_paid(T_P_ID,
E_P_ID,
Amount,
AP_Date)
VALUES
(1007,1021,938,TO_DATE('2015-01-01','yyyy-mm-dd'));


INSERT INTO F15_11_tbla_amount_paid(T_P_ID,
E_P_ID,
Amount,
AP_Date)
VALUES
(1007,1021,938,TO_DATE('2015-07-01','yyyy-mm-dd'));


INSERT INTO F15_11_tbla_amount_paid(T_P_ID,
E_P_ID,
Amount,
AP_Date)
VALUES
(1007,1021,938,TO_DATE('2015-06-01','yyyy-mm-dd'));


INSERT INTO F15_11_tbla_amount_paid(T_P_ID,
E_P_ID,
Amount,
AP_Date)
VALUES
(1007,1021,938,TO_DATE('2015-03-01','yyyy-mm-dd'));


INSERT INTO F15_11_tbla_amount_paid(T_P_ID,
E_P_ID,
Amount,
AP_Date)
VALUES
(1007,1021,938,TO_DATE('2015-09-01','yyyy-mm-dd'));


INSERT INTO F15_11_tbla_amount_paid(T_P_ID,
E_P_ID,
Amount,
AP_Date)
VALUES
(1007,1021,898,TO_DATE('2015-08-01','yyyy-mm-dd'));


INSERT INTO F15_11_tbla_amount_paid(T_P_ID,
E_P_ID,
Amount,
AP_Date)
VALUES
(1007,1021,898,TO_DATE('2015-02-03','yyyy-mm-dd'));


INSERT INTO F15_11_tbla_amount_paid(T_P_ID,
E_P_ID,
Amount,
AP_Date)
VALUES
(1007,1021,898,TO_DATE('2015-01-01','yyyy-mm-dd'));


INSERT INTO F15_11_tbla_amount_paid(T_P_ID,
E_P_ID,
Amount,
AP_Date)
VALUES
(1007,1021,898,TO_DATE('2015-07-01','yyyy-mm-dd'));


INSERT INTO F15_11_tbla_amount_paid(T_P_ID,
E_P_ID,
Amount,
AP_Date)
VALUES
(1007,1021,898,TO_DATE('2015-06-01','yyyy-mm-dd'));


INSERT INTO F15_11_tbla_amount_paid(T_P_ID,
E_P_ID,
Amount,
AP_Date)
VALUES
(1007,1021,898,TO_DATE('2015-03-02','yyyy-mm-dd'));


INSERT INTO F15_11_tbla_amount_paid(T_P_ID,
E_P_ID,
Amount,
AP_Date)
VALUES
(1008,1021,987,TO_DATE('2015-08-01','yyyy-mm-dd'));


INSERT INTO F15_11_tbla_amount_paid(T_P_ID,
E_P_ID,
Amount,
AP_Date)
VALUES
(1008,1021,987,TO_DATE('2015-02-01','yyyy-mm-dd'));


INSERT INTO F15_11_tbla_amount_paid(T_P_ID,
E_P_ID,
Amount,
AP_Date)
VALUES
(1008,1021,987,TO_DATE('2015-01-01','yyyy-mm-dd'));


INSERT INTO F15_11_tbla_amount_paid(T_P_ID,
E_P_ID,
Amount,
AP_Date)
VALUES
(1008,1021,987,TO_DATE('2015-07-01','yyyy-mm-dd'));


INSERT INTO F15_11_tbla_amount_paid(T_P_ID,
E_P_ID,
Amount,
AP_Date)
VALUES
(1008,1021,1017,TO_DATE('2015-06-07','yyyy-mm-dd'));


INSERT INTO F15_11_tbla_amount_paid(T_P_ID,
E_P_ID,
Amount,
AP_Date)
VALUES
(1008,1021,987,TO_DATE('2015-03-01','yyyy-mm-dd'));


INSERT INTO F15_11_tbla_amount_paid(T_P_ID,
E_P_ID,
Amount,
AP_Date)
VALUES
(1008,1021,987,TO_DATE('2015-09-01','yyyy-mm-dd'));


INSERT INTO F15_11_tbla_amount_paid(T_P_ID,
E_P_ID,
Amount,
AP_Date)
VALUES
(1008,1021,907,TO_DATE('2015-08-01','yyyy-mm-dd'));


INSERT INTO F15_11_tbla_amount_paid(T_P_ID,
E_P_ID,
Amount,
AP_Date)
VALUES
(1008,1021,907,TO_DATE('2015-02-01','yyyy-mm-dd'));


INSERT INTO F15_11_tbla_amount_paid(T_P_ID,
E_P_ID,
Amount,
AP_Date)
VALUES
(1008,1021,907,TO_DATE('2015-01-01','yyyy-mm-dd'));


INSERT INTO F15_11_tbla_amount_paid(T_P_ID,
E_P_ID,
Amount,
AP_Date)
VALUES
(1008,1021,937,TO_DATE('2015-07-05','yyyy-mm-dd'));


INSERT INTO F15_11_tbla_amount_paid(T_P_ID,
E_P_ID,
Amount,
AP_Date)
VALUES
(1008,1021,907,TO_DATE('2015-06-01','yyyy-mm-dd'));


INSERT INTO F15_11_tbla_amount_paid(T_P_ID,
E_P_ID,
Amount,
AP_Date)
VALUES
(1008,1021,907,TO_DATE('2015-03-01','yyyy-mm-dd'));


INSERT INTO F15_11_tbla_amount_paid(T_P_ID,
E_P_ID,
Amount,
AP_Date)
VALUES
(1009,1021,957.6,TO_DATE('2015-08-01','yyyy-mm-dd'));


INSERT INTO F15_11_tbla_amount_paid(T_P_ID,
E_P_ID,
Amount,
AP_Date)
VALUES
(1009,1021,957.6,TO_DATE('2015-02-01','yyyy-mm-dd'));


INSERT INTO F15_11_tbla_amount_paid(T_P_ID,
E_P_ID,
Amount,
AP_Date)
VALUES
(1009,1021,957.6,TO_DATE('2015-01-01','yyyy-mm-dd'));


INSERT INTO F15_11_tbla_amount_paid(T_P_ID,
E_P_ID,
Amount,
AP_Date)
VALUES
(1009,1021,957.6,TO_DATE('2015-07-01','yyyy-mm-dd'));


INSERT INTO F15_11_tbla_amount_paid(T_P_ID,
E_P_ID,
Amount,
AP_Date)
VALUES
(1009,1021,957.6,TO_DATE('2015-06-01','yyyy-mm-dd'));


INSERT INTO F15_11_tbla_amount_paid(T_P_ID,
E_P_ID,
Amount,
AP_Date)
VALUES
(1009,1021,957.6,TO_DATE('2015-03-01','yyyy-mm-dd'));


INSERT INTO F15_11_tbla_amount_paid(T_P_ID,
E_P_ID,
Amount,
AP_Date)
VALUES
(1009,1021,957.6,TO_DATE('2015-09-01','yyyy-mm-dd'));


INSERT INTO F15_11_tbla_amount_paid(T_P_ID,
E_P_ID,
Amount,
AP_Date)
VALUES
(1009,1021,901.6,TO_DATE('2015-08-01','yyyy-mm-dd'));


INSERT INTO F15_11_tbla_amount_paid(T_P_ID,
E_P_ID,
Amount,
AP_Date)
VALUES
(1009,1021,901.6,TO_DATE('2015-02-01','yyyy-mm-dd'));


INSERT INTO F15_11_tbla_amount_paid(T_P_ID,
E_P_ID,
Amount,
AP_Date)
VALUES
(1009,1021,901.6,TO_DATE('2015-01-03','yyyy-mm-dd'));


INSERT INTO F15_11_tbla_amount_paid(T_P_ID,
E_P_ID,
Amount,
AP_Date)
VALUES
(1009,1021,901.6,TO_DATE('2015-07-01','yyyy-mm-dd'));


INSERT INTO F15_11_tbla_amount_paid(T_P_ID,
E_P_ID,
Amount,
AP_Date)
VALUES
(1009,1021,901.6,TO_DATE('2015-06-01','yyyy-mm-dd'));


INSERT INTO F15_11_tbla_amount_paid(T_P_ID,
E_P_ID,
Amount,
AP_Date)
VALUES
(1009,1021,901.6,TO_DATE('2015-03-01','yyyy-mm-dd'));


INSERT INTO F15_11_tbla_amount_paid(T_P_ID,
E_P_ID,
Amount,
AP_Date)
VALUES
(1010,1021,752.7,TO_DATE('2015-08-01','yyyy-mm-dd'));


INSERT INTO F15_11_tbla_amount_paid(T_P_ID,
E_P_ID,
Amount,
AP_Date)
VALUES
(1010,1021,752.7,TO_DATE('2015-02-01','yyyy-mm-dd'));


INSERT INTO F15_11_tbla_amount_paid(T_P_ID,
E_P_ID,
Amount,
AP_Date)
VALUES
(1010,1021,752.7,TO_DATE('2015-01-01','yyyy-mm-dd'));


INSERT INTO F15_11_tbla_amount_paid(T_P_ID,
E_P_ID,
Amount,
AP_Date)
VALUES
(1010,1021,752.7,TO_DATE('2015-07-01','yyyy-mm-dd'));


INSERT INTO F15_11_tbla_amount_paid(T_P_ID,
E_P_ID,
Amount,
AP_Date)
VALUES
(1010,1021,752.7,TO_DATE('2015-06-01','yyyy-mm-dd'));


INSERT INTO F15_11_tbla_amount_paid(T_P_ID,
E_P_ID,
Amount,
AP_Date)
VALUES
(1010,1021,752.7,TO_DATE('2015-03-01','yyyy-mm-dd'));


INSERT INTO F15_11_tbla_amount_paid(T_P_ID,
E_P_ID,
Amount,
AP_Date)
VALUES
(1010,1021,752.7,TO_DATE('2015-09-01','yyyy-mm-dd'));


INSERT INTO F15_11_tbla_amount_paid(T_P_ID,
E_P_ID,
Amount,
AP_Date)
VALUES
(1010,1021,700.7,TO_DATE('2015-08-01','yyyy-mm-dd'));


INSERT INTO F15_11_tbla_amount_paid(T_P_ID,
E_P_ID,
Amount,
AP_Date)
VALUES
(1010,1021,700.7,TO_DATE('2015-02-01','yyyy-mm-dd'));


INSERT INTO F15_11_tbla_amount_paid(T_P_ID,
E_P_ID,
Amount,
AP_Date)
VALUES
(1010,1021,700.7,TO_DATE('2015-01-02','yyyy-mm-dd'));


INSERT INTO F15_11_tbla_amount_paid(T_P_ID,
E_P_ID,
Amount,
AP_Date)
VALUES
(1010,1021,700.7,TO_DATE('2015-07-01','yyyy-mm-dd'));


INSERT INTO F15_11_tbla_amount_paid(T_P_ID,
E_P_ID,
Amount,
AP_Date)
VALUES
(1010,1021,700.7,TO_DATE('2015-06-01','yyyy-mm-dd'));


INSERT INTO F15_11_tbla_amount_paid(T_P_ID,
E_P_ID,
Amount,
AP_Date)
VALUES
(1010,1021,700.7,TO_DATE('2015-03-01','yyyy-mm-dd'));


INSERT INTO F15_11_tbla_amount_paid(T_P_ID,
E_P_ID,
Amount,
AP_Date)
VALUES
(1011,1021,1177.2,TO_DATE('2015-08-01','yyyy-mm-dd'));


INSERT INTO F15_11_tbla_amount_paid(T_P_ID,
E_P_ID,
Amount,
AP_Date)
VALUES
(1011,1021,1177.2,TO_DATE('2015-02-01','yyyy-mm-dd'));


INSERT INTO F15_11_tbla_amount_paid(T_P_ID,
E_P_ID,
Amount,
AP_Date)
VALUES
(1011,1021,1177.2,TO_DATE('2015-01-01','yyyy-mm-dd'));


INSERT INTO F15_11_tbla_amount_paid(T_P_ID,
E_P_ID,
Amount,
AP_Date)
VALUES
(1011,1021,1177.2,TO_DATE('2015-07-03','yyyy-mm-dd'));


INSERT INTO F15_11_tbla_amount_paid(T_P_ID,
E_P_ID,
Amount,
AP_Date)
VALUES
(1011,1021,1177.2,TO_DATE('2015-06-01','yyyy-mm-dd'));


INSERT INTO F15_11_tbla_amount_paid(T_P_ID,
E_P_ID,
Amount,
AP_Date)
VALUES
(1011,1021,1177.2,TO_DATE('2015-03-01','yyyy-mm-dd'));


INSERT INTO F15_11_tbla_amount_paid(T_P_ID,
E_P_ID,
Amount,
AP_Date)
VALUES
(1011,1021,1177.2,TO_DATE('2015-09-01','yyyy-mm-dd'));


INSERT INTO F15_11_tbla_amount_paid(T_P_ID,
E_P_ID,
Amount,
AP_Date)
VALUES
(1011,1021,1105.2,TO_DATE('2015-08-01','yyyy-mm-dd'));


INSERT INTO F15_11_tbla_amount_paid(T_P_ID,
E_P_ID,
Amount,
AP_Date)
VALUES
(1011,1021,1135.2,TO_DATE('2015-02-05','yyyy-mm-dd'));


INSERT INTO F15_11_tbla_amount_paid(T_P_ID,
E_P_ID,
Amount,
AP_Date)
VALUES
(1011,1021,1105.2,TO_DATE('2015-01-01','yyyy-mm-dd'));


INSERT INTO F15_11_tbla_amount_paid(T_P_ID,
E_P_ID,
Amount,
AP_Date)
VALUES
(1011,1021,1105.2,TO_DATE('2015-07-01','yyyy-mm-dd'));


INSERT INTO F15_11_tbla_amount_paid(T_P_ID,
E_P_ID,
Amount,
AP_Date)
VALUES
(1011,1021,1135.2,TO_DATE('2015-06-07','yyyy-mm-dd'));


INSERT INTO F15_11_tbla_amount_paid(T_P_ID,
E_P_ID,
Amount,
AP_Date)
VALUES
(1011,1021,1105.2,TO_DATE('2015-03-01','yyyy-mm-dd'));


INSERT INTO F15_11_tbla_amount_paid(T_P_ID,
E_P_ID,
Amount,
AP_Date)
VALUES
(1012,1021,1138,TO_DATE('2015-08-01','yyyy-mm-dd'));


INSERT INTO F15_11_tbla_amount_paid(T_P_ID,
E_P_ID,
Amount,
AP_Date)
VALUES
(1012,1021,1138,TO_DATE('2015-02-01','yyyy-mm-dd'));





INSERT INTO F15_11_tbla_amount_paid(T_P_ID,
E_P_ID,
Amount,
AP_Date)
VALUES
(1012,1024,1138,TO_DATE('2015-01-01','yyyy-mm-dd'));


INSERT INTO F15_11_tbla_amount_paid(T_P_ID,
E_P_ID,
Amount,
AP_Date)
VALUES
(1012,1024,1138,TO_DATE('2015-07-01','yyyy-mm-dd'));


INSERT INTO F15_11_tbla_amount_paid(T_P_ID,
E_P_ID,
Amount,
AP_Date)
VALUES
(1012,1024,1138,TO_DATE('2015-06-01','yyyy-mm-dd'));


INSERT INTO F15_11_tbla_amount_paid(T_P_ID,
E_P_ID,
Amount,
AP_Date)
VALUES
(1012,1024,1138,TO_DATE('2015-03-01','yyyy-mm-dd'));


INSERT INTO F15_11_tbla_amount_paid(T_P_ID,
E_P_ID,
Amount,
AP_Date)
VALUES
(1012,1024,1138,TO_DATE('2015-09-01','yyyy-mm-dd'));


INSERT INTO F15_11_tbla_amount_paid(T_P_ID,
E_P_ID,
Amount,
AP_Date)
VALUES
(1012,1024,1098,TO_DATE('2015-08-01','yyyy-mm-dd'));


INSERT INTO F15_11_tbla_amount_paid(T_P_ID,
E_P_ID,
Amount,
AP_Date)
VALUES
(1012,1024,1098,TO_DATE('2015-02-01','yyyy-mm-dd'));


INSERT INTO F15_11_tbla_amount_paid(T_P_ID,
E_P_ID,
Amount,
AP_Date)
VALUES
(1012,1024,1128,TO_DATE('2015-01-04','yyyy-mm-dd'));


INSERT INTO F15_11_tbla_amount_paid(T_P_ID,
E_P_ID,
Amount,
AP_Date)
VALUES
(1012,1024,1098,TO_DATE('2015-07-01','yyyy-mm-dd'));


INSERT INTO F15_11_tbla_amount_paid(T_P_ID,
E_P_ID,
Amount,
AP_Date)
VALUES
(1012,1024,1098,TO_DATE('2015-06-01','yyyy-mm-dd'));

INSERT INTO F15_11_tbla_amount_paid(T_P_ID,
E_P_ID,
Amount,
AP_Date)
VALUES
(1012,1024,1098,TO_DATE('2015-03-01','yyyy-mm-dd'));


INSERT INTO F15_11_tbla_amount_paid(T_P_ID,
E_P_ID,
Amount,
AP_Date)
VALUES
(1013,1024,933.1,TO_DATE('2015-08-01','yyyy-mm-dd'));


INSERT INTO F15_11_tbla_amount_paid(T_P_ID,
E_P_ID,
Amount,
AP_Date)
VALUES
(1013,1024,933.1,TO_DATE('2015-02-01','yyyy-mm-dd'));


INSERT INTO F15_11_tbla_amount_paid(T_P_ID,
E_P_ID,
Amount,
AP_Date)
VALUES
(1013,1024,933.1,TO_DATE('2015-01-01','yyyy-mm-dd'));


INSERT INTO F15_11_tbla_amount_paid(T_P_ID,
E_P_ID,
Amount,
AP_Date)
VALUES
(1013,1024,933.1,TO_DATE('2015-07-01','yyyy-mm-dd'));

INSERT INTO F15_11_tbla_amount_paid(T_P_ID,
E_P_ID,
Amount,
AP_Date)
VALUES
(1013,1024,933.1,TO_DATE('2015-06-01','yyyy-mm-dd'));


INSERT INTO F15_11_tbla_amount_paid(T_P_ID,
E_P_ID,
Amount,
AP_Date)
VALUES
(1013,1024,933.1,TO_DATE('2015-03-01','yyyy-mm-dd'));


INSERT INTO F15_11_tbla_amount_paid(T_P_ID,
E_P_ID,
Amount,
AP_Date)
VALUES
(1013,1024,933.1,TO_DATE('2015-09-01','yyyy-mm-dd'));


INSERT INTO F15_11_tbla_amount_paid(T_P_ID,
E_P_ID,
Amount,
AP_Date)
VALUES
(1013,1024,897.1,TO_DATE('2015-08-03','yyyy-mm-dd'));


INSERT INTO F15_11_tbla_amount_paid(T_P_ID,
E_P_ID,
Amount,
AP_Date)
VALUES
(1013,1024,897.1,TO_DATE('2015-02-01','yyyy-mm-dd'));


INSERT INTO F15_11_tbla_amount_paid(T_P_ID,
E_P_ID,
Amount,
AP_Date)
VALUES
(1013,1024,897.1,TO_DATE('2015-01-01','yyyy-mm-dd'));


INSERT INTO F15_11_tbla_amount_paid(T_P_ID,
E_P_ID,
Amount,
AP_Date)
VALUES
(1013,1024,897.1,TO_DATE('2015-07-01','yyyy-mm-dd'));


INSERT INTO F15_11_tbla_amount_paid(T_P_ID,
E_P_ID,
Amount,
AP_Date)
VALUES
(1013,1024,897.1,TO_DATE('2015-06-01','yyyy-mm-dd'));


INSERT INTO F15_11_tbla_amount_paid(T_P_ID,
E_P_ID,
Amount,
AP_Date)
VALUES
(1013,1024,897.1,TO_DATE('2015-03-01','yyyy-mm-dd'));


INSERT INTO F15_11_tbla_amount_paid(T_P_ID,
E_P_ID,
Amount,
AP_Date)
VALUES
(1014,1024,987,TO_DATE('2015-08-02','yyyy-mm-dd'));


INSERT INTO F15_11_tbla_amount_paid(T_P_ID,
E_P_ID,
Amount,
AP_Date)
VALUES
(1014,1024,987,TO_DATE('2015-02-01','yyyy-mm-dd'));


INSERT INTO F15_11_tbla_amount_paid(T_P_ID,
E_P_ID,
Amount,
AP_Date)
VALUES
(1014,1024,987,TO_DATE('2015-01-01','yyyy-mm-dd'));


INSERT INTO F15_11_tbla_amount_paid(T_P_ID,
E_P_ID,
Amount,
AP_Date)
VALUES
(1014,1024,987,TO_DATE('2015-07-01','yyyy-mm-dd'));


INSERT INTO F15_11_tbla_amount_paid(T_P_ID,
E_P_ID,
Amount,
AP_Date)
VALUES
(1014,1024,987,TO_DATE('2015-06-01','yyyy-mm-dd'));


INSERT INTO F15_11_tbla_amount_paid(T_P_ID,
E_P_ID,
Amount,
AP_Date)
VALUES
(1014,1024,987,TO_DATE('2015-03-01','yyyy-mm-dd'));


INSERT INTO F15_11_tbla_amount_paid(T_P_ID,
E_P_ID,
Amount,
AP_Date)
VALUES
(1014,1024,987,TO_DATE('2015-09-01','yyyy-mm-dd'));


INSERT INTO F15_11_tbla_amount_paid(T_P_ID,
E_P_ID,
Amount,
AP_Date)
VALUES
(1014,1024,937,TO_DATE('2015-08-04','yyyy-mm-dd'));


INSERT INTO F15_11_tbla_amount_paid(T_P_ID,
E_P_ID,
Amount,
AP_Date)
VALUES
(1014,1024,907,TO_DATE('2015-02-01','yyyy-mm-dd'));


INSERT INTO F15_11_tbla_amount_paid(T_P_ID,
E_P_ID,
Amount,
AP_Date)
VALUES
(1014,1024,907,TO_DATE('2015-01-01','yyyy-mm-dd'));


INSERT INTO F15_11_tbla_amount_paid(T_P_ID,
E_P_ID,
Amount,
AP_Date)
VALUES
(1014,1024,907,TO_DATE('2015-07-01','yyyy-mm-dd'));


INSERT INTO F15_11_tbla_amount_paid(T_P_ID,
E_P_ID,
Amount,
AP_Date)
VALUES
(1014,1024,907,TO_DATE('2015-06-01','yyyy-mm-dd'));


INSERT INTO F15_11_tbla_amount_paid(T_P_ID,
E_P_ID,
Amount,
AP_Date)
VALUES
(1014,1024,907,TO_DATE('2015-03-01','yyyy-mm-dd'));


INSERT INTO F15_11_tbla_amount_paid(T_P_ID,
E_P_ID,
Amount,
AP_Date)
VALUES
(1015,1024,1202.3,TO_DATE('2015-08-05','yyyy-mm-dd'));


INSERT INTO F15_11_tbla_amount_paid(T_P_ID,
E_P_ID,
Amount,
AP_Date)
VALUES
(1015,1024,1172.3,TO_DATE('2015-02-01','yyyy-mm-dd'));


INSERT INTO F15_11_tbla_amount_paid(T_P_ID,
E_P_ID,
Amount,
AP_Date)
VALUES
(1015,1024,1172.3,TO_DATE('2015-01-01','yyyy-mm-dd'));


INSERT INTO F15_11_tbla_amount_paid(T_P_ID,
E_P_ID,
Amount,
AP_Date)
VALUES
(1015,1024,1172.3,TO_DATE('2015-07-01','yyyy-mm-dd'));


INSERT INTO F15_11_tbla_amount_paid(T_P_ID,
E_P_ID,
Amount,
AP_Date)
VALUES
(1015,1024,1172.3,TO_DATE('2015-06-01','yyyy-mm-dd'));


INSERT INTO F15_11_tbla_amount_paid(T_P_ID,
E_P_ID,
Amount,
AP_Date)
VALUES
(1015,1024,1172.3,TO_DATE('2015-03-01','yyyy-mm-dd'));


INSERT INTO F15_11_tbla_amount_paid(T_P_ID,
E_P_ID,
Amount,
AP_Date)
VALUES
(1015,1024,1172.3,TO_DATE('2015-09-01','yyyy-mm-dd'));


INSERT INTO F15_11_tbla_amount_paid(T_P_ID,
E_P_ID,
Amount,
AP_Date)
VALUES
(1015,1024,1104.3,TO_DATE('2015-08-01','yyyy-mm-dd'));


INSERT INTO F15_11_tbla_amount_paid(T_P_ID,
E_P_ID,
Amount,
AP_Date)
VALUES
(1015,1024,1104.3,TO_DATE('2015-02-01','yyyy-mm-dd'));


INSERT INTO F15_11_tbla_amount_paid(T_P_ID,
E_P_ID,
Amount,
AP_Date)
VALUES
(1015,1024,1134.3,TO_DATE('2015-01-06','yyyy-mm-dd'));


INSERT INTO F15_11_tbla_amount_paid(T_P_ID,
E_P_ID,
Amount,
AP_Date)
VALUES
(1015,1024,1104.3,TO_DATE('2015-07-01','yyyy-mm-dd'));


INSERT INTO F15_11_tbla_amount_paid(T_P_ID,
E_P_ID,
Amount,
AP_Date)
VALUES
(1015,1024,1104.3,TO_DATE('2015-06-01','yyyy-mm-dd'));


INSERT INTO F15_11_tbla_amount_paid(T_P_ID,
E_P_ID,
Amount,
AP_Date)
VALUES
(1015,1024,1104.3,TO_DATE('2015-03-01','yyyy-mm-dd'));


INSERT INTO F15_11_tbla_amount_paid(T_P_ID,
E_P_ID,
Amount,
AP_Date)
VALUES
(1016,1024,747.8,TO_DATE('2015-08-01','yyyy-mm-dd'));


INSERT INTO F15_11_tbla_amount_paid(T_P_ID,
E_P_ID,
Amount,
AP_Date)
VALUES
(1016,1024,747.8,TO_DATE('2015-02-01','yyyy-mm-dd'));


INSERT INTO F15_11_tbla_amount_paid(T_P_ID,
E_P_ID,
Amount,
AP_Date)
VALUES
(1016,1024,747.8,TO_DATE('2015-01-01','yyyy-mm-dd'));


INSERT INTO F15_11_tbla_amount_paid(T_P_ID,
E_P_ID,
Amount,
AP_Date)
VALUES
(1016,1024,747.8,TO_DATE('2015-07-01','yyyy-mm-dd'));


INSERT INTO F15_11_tbla_amount_paid(T_P_ID,
E_P_ID,
Amount,
AP_Date)
VALUES
(1016,1024,747.8,TO_DATE('2015-06-01','yyyy-mm-dd'));


INSERT INTO F15_11_tbla_amount_paid(T_P_ID,
E_P_ID,
Amount,
AP_Date)
VALUES
(1016,1024,747.8,TO_DATE('2015-03-01','yyyy-mm-dd'));


INSERT INTO F15_11_tbla_amount_paid(T_P_ID,
E_P_ID,
Amount,
AP_Date)
VALUES
(1016,1024,747.8,TO_DATE('2015-09-01','yyyy-mm-dd'));


INSERT INTO F15_11_tbla_amount_paid(T_P_ID,
E_P_ID,
Amount,
AP_Date)
VALUES
(1016,1024,699.8,TO_DATE('2015-08-03','yyyy-mm-dd'));


INSERT INTO F15_11_tbla_amount_paid(T_P_ID,
E_P_ID,
Amount,
AP_Date)
VALUES
(1016,1024,699.8,TO_DATE('2015-02-01','yyyy-mm-dd'));


INSERT INTO F15_11_tbla_amount_paid(T_P_ID,
E_P_ID,
Amount,
AP_Date)
VALUES
(1016,1024,699.8,TO_DATE('2015-01-01','yyyy-mm-dd'));


INSERT INTO F15_11_tbla_amount_paid(T_P_ID,
E_P_ID,
Amount,
AP_Date)
VALUES
(1016,1024,699.8,TO_DATE('2015-07-01','yyyy-mm-dd'));


INSERT INTO F15_11_tbla_amount_paid(T_P_ID,
E_P_ID,
Amount,
AP_Date)
VALUES
(1016,1024,699.8,TO_DATE('2015-06-01','yyyy-mm-dd'));


INSERT INTO F15_11_tbla_amount_paid(T_P_ID,
E_P_ID,
Amount,
AP_Date)
VALUES
(1016,1024,699.8,TO_DATE('2015-03-01','yyyy-mm-dd'));


INSERT INTO F15_11_tbla_amount_paid(T_P_ID,
E_P_ID,
Amount,
AP_Date)
VALUES
(1017,1024,811.5,TO_DATE('2015-08-01','yyyy-mm-dd'));


INSERT INTO F15_11_tbla_amount_paid(T_P_ID,
E_P_ID,
Amount,
AP_Date)
VALUES
(1017,1024,811.5,TO_DATE('2015-02-01','yyyy-mm-dd'));


INSERT INTO F15_11_tbla_amount_paid(T_P_ID,
E_P_ID,
Amount,
AP_Date)
VALUES
(1017,1024,811.5,TO_DATE('2015-01-01','yyyy-mm-dd'));


INSERT INTO F15_11_tbla_amount_paid(T_P_ID,
E_P_ID,
Amount,
AP_Date)
VALUES
(1017,1024,811.5,TO_DATE('2015-07-01','yyyy-mm-dd'));


INSERT INTO F15_11_tbla_amount_paid(T_P_ID,
E_P_ID,
Amount,
AP_Date)
VALUES
(1017,1024,811.5,TO_DATE('2015-06-01','yyyy-mm-dd'));


INSERT INTO F15_11_tbla_amount_paid(T_P_ID,
E_P_ID,
Amount,
AP_Date)
VALUES
(1017,1024,811.5,TO_DATE('2015-03-01','yyyy-mm-dd'));


INSERT INTO F15_11_tbla_amount_paid(T_P_ID,
E_P_ID,
Amount,
AP_Date)
VALUES
(1017,1024,841.5,TO_DATE('2015-09-04','yyyy-mm-dd'));


INSERT INTO F15_11_tbla_amount_paid(T_P_ID,
E_P_ID,
Amount,
AP_Date)
VALUES
(1017,1024,711.5,TO_DATE('2015-08-01','yyyy-mm-dd'));


INSERT INTO F15_11_tbla_amount_paid(T_P_ID,
E_P_ID,
Amount,
AP_Date)
VALUES
(1017,1024,711.5,TO_DATE('2015-02-01','yyyy-mm-dd'));


INSERT INTO F15_11_tbla_amount_paid(T_P_ID,
E_P_ID,
Amount,
AP_Date)
VALUES
(1017,1024,711.5,TO_DATE('2015-01-01','yyyy-mm-dd'));


INSERT INTO F15_11_tbla_amount_paid(T_P_ID,
E_P_ID,
Amount,
AP_Date)
VALUES
(1017,1024,711.5,TO_DATE('2015-07-01','yyyy-mm-dd'));


INSERT INTO F15_11_tbla_amount_paid(T_P_ID,
E_P_ID,
Amount,
AP_Date)
VALUES
(1017,1024,711.5,TO_DATE('2015-06-01','yyyy-mm-dd'));

INSERT INTO F15_11_tbla_amount_paid(T_P_ID,
E_P_ID,
Amount,
AP_Date)
VALUES
(1017,1024,711.5,TO_DATE('2015-03-01','yyyy-mm-dd'));


INSERT INTO F15_11_tbla_amount_paid(T_P_ID,
E_P_ID,
Amount,
AP_Date)
VALUES
(1018,1024,1236,TO_DATE('2015-08-01','yyyy-mm-dd'));


INSERT INTO F15_11_tbla_amount_paid(T_P_ID,
E_P_ID,
Amount,
AP_Date)
VALUES
(1018,1024,1236,TO_DATE('2015-02-01','yyyy-mm-dd'));

INSERT INTO F15_11_tbla_amount_paid(T_P_ID,
E_P_ID,
Amount,
AP_Date)
VALUES
(1018,1024,1138,TO_DATE('2015-01-01','yyyy-mm-dd'));


INSERT INTO F15_11_tbla_amount_paid(T_P_ID,
E_P_ID,
Amount,
AP_Date)
VALUES
(1018,1024,1236,TO_DATE('2015-07-01','yyyy-mm-dd'));


INSERT INTO F15_11_tbla_amount_paid(T_P_ID,
E_P_ID,
Amount,
AP_Date)
VALUES
(1018,1024,1236,TO_DATE('2015-06-01','yyyy-mm-dd'));


INSERT INTO F15_11_tbla_amount_paid(T_P_ID,
E_P_ID,
Amount,
AP_Date)
VALUES
(1018,1024,1236,TO_DATE('2015-03-01','yyyy-mm-dd'));


INSERT INTO F15_11_tbla_amount_paid(T_P_ID,
E_P_ID,
Amount,
AP_Date)
VALUES
(1018,1024,1236,TO_DATE('2015-09-01','yyyy-mm-dd'));


INSERT INTO F15_11_tbla_amount_paid(T_P_ID,
E_P_ID,
Amount,
AP_Date)
VALUES
(1018,1024,1146,TO_DATE('2015-08-05','yyyy-mm-dd'));


INSERT INTO F15_11_tbla_amount_paid(T_P_ID,
E_P_ID,
Amount,
AP_Date)
VALUES
(1018,1024,1116,TO_DATE('2015-02-01','yyyy-mm-dd'));


INSERT INTO F15_11_tbla_amount_paid(T_P_ID,
E_P_ID,
Amount,
AP_Date)
VALUES
(1018,1024,1098,TO_DATE('2015-01-01','yyyy-mm-dd'));


INSERT INTO F15_11_tbla_amount_paid(T_P_ID,
E_P_ID,
Amount,
AP_Date)
VALUES
(1018,1024,1116,TO_DATE('2015-07-01','yyyy-mm-dd'));


INSERT INTO F15_11_tbla_amount_paid(T_P_ID,
E_P_ID,
Amount,
AP_Date)
VALUES
(1018,1024,1116,TO_DATE('2015-06-01','yyyy-mm-dd'));


INSERT INTO F15_11_tbla_amount_paid(T_P_ID,
E_P_ID,
Amount,
AP_Date)
VALUES
(1018,1024,1116,TO_DATE('2015-03-01','yyyy-mm-dd'));


INSERT INTO F15_11_tbla_amount_paid(T_P_ID,
E_P_ID,
Amount,
AP_Date)
VALUES
(1019,1024,1187,TO_DATE('2015-08-01','yyyy-mm-dd'));


INSERT INTO F15_11_tbla_amount_paid(T_P_ID,
E_P_ID,
Amount,
AP_Date)
VALUES
(1019,1024,1187,TO_DATE('2015-02-01','yyyy-mm-dd'));


INSERT INTO F15_11_tbla_amount_paid(T_P_ID,
E_P_ID,
Amount,
AP_Date)
VALUES
(1019,1024,1187,TO_DATE('2015-01-01','yyyy-mm-dd'));


INSERT INTO F15_11_tbla_amount_paid(T_P_ID,
E_P_ID,
Amount,
AP_Date)
VALUES
(1019,1024,1187,TO_DATE('2015-07-01','yyyy-mm-dd'));


INSERT INTO F15_11_tbla_amount_paid(T_P_ID,
E_P_ID,
Amount,
AP_Date)
VALUES
(1019,1024,1217,TO_DATE('2015-06-06','yyyy-mm-dd'));


INSERT INTO F15_11_tbla_amount_paid(T_P_ID,
E_P_ID,
Amount,
AP_Date)
VALUES
(1019,1024,1187,TO_DATE('2015-03-01','yyyy-mm-dd'));


INSERT INTO F15_11_tbla_amount_paid(T_P_ID,
E_P_ID,
Amount,
AP_Date)
VALUES
(1019,1024,1187,TO_DATE('2015-09-01','yyyy-mm-dd'));


INSERT INTO F15_11_tbla_amount_paid(T_P_ID,
E_P_ID,
Amount,
AP_Date)
VALUES
(1019,1024,1107,TO_DATE('2015-08-01','yyyy-mm-dd'));


INSERT INTO F15_11_tbla_amount_paid(T_P_ID,
E_P_ID,
Amount,
AP_Date)
VALUES
(1019,1024,1107,TO_DATE('2015-02-01','yyyy-mm-dd'));

INSERT INTO F15_11_tbla_amount_paid(T_P_ID,
E_P_ID,
Amount,
AP_Date)
VALUES
(1019,1024,1107,TO_DATE('2015-01-01','yyyy-mm-dd'));


INSERT INTO F15_11_tbla_amount_paid(T_P_ID,
E_P_ID,
Amount,
AP_Date)
VALUES
(1019,1024,1107,TO_DATE('2015-07-01','yyyy-mm-dd'));


INSERT INTO F15_11_tbla_amount_paid(T_P_ID,
E_P_ID,
Amount,
AP_Date)
VALUES
(1019,1024,1107,TO_DATE('2015-06-01','yyyy-mm-dd'));


INSERT INTO F15_11_tbla_amount_paid(T_P_ID,
E_P_ID,
Amount,
AP_Date)
VALUES
(1019,1024,1107,TO_DATE('2015-03-01','yyyy-mm-dd'));


INSERT INTO F15_11_tbla_amount_paid(T_P_ID,
E_P_ID,
Amount,
AP_Date)
VALUES
(1020,1024,1187,TO_DATE('2015-08-01','yyyy-mm-dd'));


INSERT INTO F15_11_tbla_amount_paid(T_P_ID,
E_P_ID,
Amount,
AP_Date)
VALUES
(1020,1024,1187,TO_DATE('2015-07-01','yyyy-mm-dd'));


INSERT INTO F15_11_tbla_amount_paid(T_P_ID,
E_P_ID,
Amount,
AP_Date)
VALUES
(1020,1024,1187,TO_DATE('2015-09-01','yyyy-mm-dd'));


INSERT INTO F15_11_tbla_amount_paid(T_P_ID,
E_P_ID,
Amount,
AP_Date)
VALUES
(1020,1024,1107,TO_DATE('2015-08-01','yyyy-mm-dd'));


INSERT INTO F15_11_tbla_amount_paid(T_P_ID,
E_P_ID,
Amount,
AP_Date)
VALUES
(1020,1024,1107,TO_DATE('2015-07-01','yyyy-mm-dd'));


INSERT INTO F15_11_tbla_amount_paid(T_P_ID,
E_P_ID,
Amount,
AP_Date)
VALUES
(1020,1024,1107,TO_DATE('2015-06-01','yyyy-mm-dd'));


INSERT INTO F15_11_tbla_amount_paid(T_P_ID,
E_P_ID,
Amount,
AP_Date)
VALUES
(1020,1024,1107,TO_DATE('2015-09-01','yyyy-mm-dd'));


INSERT INTO F15_11_tbla_amount_paid(T_P_ID,
E_P_ID,
Amount,
AP_Date)
VALUES
(1022,1024,1002.3,TO_DATE('2015-08-07','yyyy-mm-dd'));


INSERT INTO F15_11_tbla_amount_paid(T_P_ID,
E_P_ID,
Amount,
AP_Date)
VALUES
(1022,1024,972.3,TO_DATE('2015-07-01','yyyy-mm-dd'));


INSERT INTO F15_11_tbla_amount_paid(T_P_ID,
E_P_ID,
Amount,
AP_Date)
VALUES
(1022,1024,972.3,TO_DATE('2015-09-01','yyyy-mm-dd'));


INSERT INTO F15_11_tbla_amount_paid(T_P_ID,
E_P_ID,
Amount,
AP_Date)
VALUES
(1022,1024,904.3,TO_DATE('2015-08-01','yyyy-mm-dd'));


INSERT INTO F15_11_tbla_amount_paid(T_P_ID,
E_P_ID,
Amount,
AP_Date)
VALUES
(1022,1024,904.3,TO_DATE('2015-07-01','yyyy-mm-dd'));


INSERT INTO F15_11_tbla_amount_paid(T_P_ID,
E_P_ID,
Amount,
AP_Date)
VALUES
(1022,1024,904.3,TO_DATE('2015-06-01','yyyy-mm-dd'));


INSERT INTO F15_11_tbla_amount_paid(T_P_ID,
E_P_ID,
Amount,
AP_Date)
VALUES
(1022,1024,904.3,TO_DATE('2015-09-01','yyyy-mm-dd'));


INSERT INTO F15_11_tbla_amount_paid(T_P_ID,
E_P_ID,
Amount,
AP_Date)
VALUES
(1023,1024,1167.4,TO_DATE('2015-08-01','yyyy-mm-dd'));


INSERT INTO F15_11_tbla_amount_paid(T_P_ID,
E_P_ID,
Amount,
AP_Date)
VALUES
(1023,1024,1167.4,TO_DATE('2015-02-01','yyyy-mm-dd'));


INSERT INTO F15_11_tbla_amount_paid(T_P_ID,
E_P_ID,
Amount,
AP_Date)
VALUES
(1023,1024,1167.4,TO_DATE('2015-01-01','yyyy-mm-dd'));


INSERT INTO F15_11_tbla_amount_paid(T_P_ID,
E_P_ID,
Amount,
AP_Date)
VALUES
(1023,1024,1167.4,TO_DATE('2015-07-01','yyyy-mm-dd'));


INSERT INTO F15_11_tbla_amount_paid(T_P_ID,
E_P_ID,
Amount,
AP_Date)
VALUES
(1023,1024,1167.4,TO_DATE('2015-06-01','yyyy-mm-dd'));


INSERT INTO F15_11_tbla_amount_paid(T_P_ID,
E_P_ID,
Amount,
AP_Date)
VALUES
(1023,1024,1167.4,TO_DATE('2015-03-01','yyyy-mm-dd'));


INSERT INTO F15_11_tbla_amount_paid(T_P_ID,
E_P_ID,
Amount,
AP_Date)
VALUES
(1023,1024,1167.4,TO_DATE('2015-09-01','yyyy-mm-dd'));


INSERT INTO F15_11_tbla_amount_paid(T_P_ID,
E_P_ID,
Amount,
AP_Date)
VALUES
(1023,1024,1103.4,TO_DATE('2015-08-01','yyyy-mm-dd'));


INSERT INTO F15_11_tbla_amount_paid(T_P_ID,
E_P_ID,
Amount,
AP_Date)
VALUES
(1023,1024,1103.4,TO_DATE('2015-02-01','yyyy-mm-dd'));


INSERT INTO F15_11_tbla_amount_paid(T_P_ID,
E_P_ID,
Amount,
AP_Date)
VALUES
(1023,1024,1103.4,TO_DATE('2015-01-01','yyyy-mm-dd'));


INSERT INTO F15_11_tbla_amount_paid(T_P_ID,
E_P_ID,
Amount,
AP_Date)
VALUES
(1023,1024,1103.4,TO_DATE('2015-07-01','yyyy-mm-dd'));


INSERT INTO F15_11_tbla_amount_paid(T_P_ID,
E_P_ID,
Amount,
AP_Date)
VALUES
(1023,1024,1103.4,TO_DATE('2015-06-01','yyyy-mm-dd'));


INSERT INTO F15_11_tbla_amount_paid(T_P_ID,
E_P_ID,
Amount,
AP_Date)
VALUES
(1023,1024,1103.4,TO_DATE('2015-03-01','yyyy-mm-dd'));


INSERT INTO F15_11_tbla_amount_paid(T_P_ID,
E_P_ID,
Amount,
AP_Date)
VALUES
(1026,1024,1147.8,TO_DATE('2015-08-01','yyyy-mm-dd'));


INSERT INTO F15_11_tbla_amount_paid(T_P_ID,
E_P_ID,
Amount,
AP_Date)
VALUES
(1026,1024,1147.8,TO_DATE('2015-07-01','yyyy-mm-dd'));


INSERT INTO F15_11_tbla_amount_paid(T_P_ID,
E_P_ID,
Amount,
AP_Date)
VALUES
(1026,1024,1147.8,TO_DATE('2015-09-01','yyyy-mm-dd'));


INSERT INTO F15_11_tbla_amount_paid(T_P_ID,
E_P_ID,
Amount,
AP_Date)
VALUES
(1026,1024,1099.8,TO_DATE('2015-08-01','yyyy-mm-dd'));


INSERT INTO F15_11_tbla_amount_paid(T_P_ID,
E_P_ID,
Amount,
AP_Date)
VALUES
(1026,1024,1129.8,TO_DATE('2015-07-09','yyyy-mm-dd'));


INSERT INTO F15_11_tbla_amount_paid(T_P_ID,
E_P_ID,
Amount,
AP_Date)
VALUES
(1026,1024,1099.8,TO_DATE('2015-06-01','yyyy-mm-dd'));


INSERT INTO F15_11_tbla_amount_paid(T_P_ID,
E_P_ID,
Amount,
AP_Date)
VALUES
(1026,1024,1099.8,TO_DATE('2015-09-01','yyyy-mm-dd'));


INSERT INTO F15_11_tbla_amount_paid(T_P_ID,
E_P_ID,
Amount,
AP_Date)
VALUES
(1027,1024,811.5,TO_DATE('2015-08-01','yyyy-mm-dd'));


INSERT INTO F15_11_tbla_amount_paid(T_P_ID,
E_P_ID,
Amount,
AP_Date)
VALUES
(1027,1024,811.5,TO_DATE('2015-07-01','yyyy-mm-dd'));


INSERT INTO F15_11_tbla_amount_paid(T_P_ID,
E_P_ID,
Amount,
AP_Date)
VALUES
(1027,1024,811.5,TO_DATE('2015-09-01','yyyy-mm-dd'));


INSERT INTO F15_11_tbla_amount_paid(T_P_ID,
E_P_ID,
Amount,
AP_Date)
VALUES
(1027,1024,711.5,TO_DATE('2015-08-01','yyyy-mm-dd'));


INSERT INTO F15_11_tbla_amount_paid(T_P_ID,
E_P_ID,
Amount,
AP_Date)
VALUES
(1027,1024,711.5,TO_DATE('2015-07-01','yyyy-mm-dd'));


INSERT INTO F15_11_tbla_amount_paid(T_P_ID,
E_P_ID,
Amount,
AP_Date)
VALUES
(1027,1024,711.5,TO_DATE('2015-06-01','yyyy-mm-dd'));


INSERT INTO F15_11_tbla_amount_paid(T_P_ID,
E_P_ID,
Amount,
AP_Date)
VALUES
(1027,1024,711.5,TO_DATE('2015-09-01','yyyy-mm-dd'));


INSERT INTO F15_11_tbla_amount_paid(T_P_ID,
E_P_ID,
Amount,
AP_Date)
VALUES
(1029,1024,1236,TO_DATE('2015-08-01','yyyy-mm-dd'));


INSERT INTO F15_11_tbla_amount_paid(T_P_ID,
E_P_ID,
Amount,
AP_Date)
VALUES
(1029,1024,1236,TO_DATE('2015-07-01','yyyy-mm-dd'));


INSERT INTO F15_11_tbla_amount_paid(T_P_ID,
E_P_ID,
Amount,
AP_Date)
VALUES
(1029,1024,1236,TO_DATE('2015-09-01','yyyy-mm-dd'));


INSERT INTO F15_11_tbla_amount_paid(T_P_ID,
E_P_ID,
Amount,
AP_Date)
VALUES
(1029,1024,1116,TO_DATE('2015-08-01','yyyy-mm-dd'));


INSERT INTO F15_11_tbla_amount_paid(T_P_ID,
E_P_ID,
Amount,
AP_Date)
VALUES
(1029,1024,1116,TO_DATE('2015-07-01','yyyy-mm-dd'));


INSERT INTO F15_11_tbla_amount_paid(T_P_ID,
E_P_ID,
Amount,
AP_Date)
VALUES
(1029,1024,1116,TO_DATE('2015-06-01','yyyy-mm-dd'));


INSERT INTO F15_11_tbla_amount_paid(T_P_ID,
E_P_ID,
Amount,
AP_Date)
VALUES
(1029,1024,1116,TO_DATE('2015-09-03','yyyy-mm-dd'));


commit;

---------------------------------
-------Insert into request details Table

INSERT INTO F15_11_tbla_request_details
(T_P_ID,
E_P_ID,
M_Type,
M_Date,Description)
VALUES
(1001,1030,'Water',TO_DATE('2015-07-1','yyyy-mm-dd'),'Leaky taps');


INSERT INTO F15_11_tbla_request_details
(T_P_ID,
E_P_ID,
M_Type,
M_Date,Description)
VALUES
(1002,1030,'Water',TO_DATE('2015-07-1','yyyy-mm-dd'),'Leaky taps');


INSERT INTO F15_11_tbla_request_details
(T_P_ID,
E_P_ID,
M_Type,
M_Date,Description)
VALUES
(1003,1030,'Sewage',TO_DATE('2015-07-1','yyyy-mm-dd'),'Clogging');
INSERT INTO F15_11_tbla_request_details
(T_P_ID,
E_P_ID,
M_Type,
M_Date,Description)
VALUES
(1004,1028,'Kitchen',TO_DATE('2015-07-1','yyyy-mm-dd'),'Disposal');
INSERT INTO F15_11_tbla_request_details
(T_P_ID,
E_P_ID,
M_Type,
M_Date,Description)
VALUES
(1004,1030,'Water',TO_DATE('2015-08-1','yyyy-mm-dd'),'No Water');
INSERT INTO F15_11_tbla_request_details
(T_P_ID,
E_P_ID,
M_Type,
M_Date,Description)
VALUES
(1005,1030,'Water',TO_DATE('2015-07-1','yyyy-mm-dd'),'No Water');
INSERT INTO F15_11_tbla_request_details
(T_P_ID,
E_P_ID,
M_Type,
M_Date,Description)
VALUES
(1005,1030,'Sewage',TO_DATE('2015-07-1','yyyy-mm-dd'),'Clogging');
INSERT INTO F15_11_tbla_request_details
(T_P_ID,
E_P_ID,
M_Type,
M_Date,Description)
VALUES
(1005,1030,'Electricity',TO_DATE('2015-07-1','yyyy-mm-dd'),'Spike');
INSERT INTO F15_11_tbla_request_details
(T_P_ID,
E_P_ID,
M_Type,
M_Date,Description)
VALUES
(1005,1030,'Water',TO_DATE('2015-08-1','yyyy-mm-dd'),'No Water');
INSERT INTO F15_11_tbla_request_details
(T_P_ID,
E_P_ID,
M_Type,
M_Date,Description)
VALUES
(1006,1028,'Kitchen',TO_DATE('2015-06-1','yyyy-mm-dd'),'Disposal');
INSERT INTO F15_11_tbla_request_details
(T_P_ID,
E_P_ID,
M_Type,
M_Date,Description)
VALUES
(1007,1028,'Sewage',TO_DATE('2015-08-1','yyyy-mm-dd'),'Clogging');
INSERT INTO F15_11_tbla_request_details
(T_P_ID,
E_P_ID,
M_Type,
M_Date,Description)
VALUES
(1007,1030,'Kitchen',TO_DATE('2015-08-1','yyyy-mm-dd'),'Disposal');
INSERT INTO F15_11_tbla_request_details
(T_P_ID,
E_P_ID,
M_Type,
M_Date,Description)
VALUES
(1008,1030,'Water',TO_DATE('2015-01-1','yyyy-mm-dd'),'Leaky taps');
INSERT INTO F15_11_tbla_request_details
(T_P_ID,
E_P_ID,
M_Type,
M_Date,Description)
VALUES
(1008,1030,'Electricity',TO_DATE('2015-01-1','yyyy-mm-dd'),'Spike');
INSERT INTO F15_11_tbla_request_details
(T_P_ID,
E_P_ID,
M_Type,
M_Date,Description)
VALUES
(1009,1028,'Sewage',TO_DATE('2015-09-1','yyyy-mm-dd'),'Clogging');
INSERT INTO F15_11_tbla_request_details
(T_P_ID,
E_P_ID,
M_Type,
M_Date,Description)
VALUES
(1011,1030,'Floor',TO_DATE('2015-02-1','yyyy-mm-dd'),'Vinyl');
INSERT INTO F15_11_tbla_request_details
(T_P_ID,
E_P_ID,
M_Type,
M_Date,Description)
VALUES
(1011,1030,'Water',TO_DATE('2015-02-1','yyyy-mm-dd'),'No Water');
INSERT INTO F15_11_tbla_request_details
(T_P_ID,
E_P_ID,
M_Type,
M_Date,Description)
VALUES
(1012,1030,'Electricity',TO_DATE('2015-08-1','yyyy-mm-dd'),'Spike');
INSERT INTO F15_11_tbla_request_details
(T_P_ID,
E_P_ID,
M_Type,
M_Date,Description)
VALUES
(1013,1030,'Floor',TO_DATE('2015-02-1','yyyy-mm-dd'),'Vinyl');
INSERT INTO F15_11_tbla_request_details
(T_P_ID,
E_P_ID,
M_Type,
M_Date,Description)
VALUES
(1014,1028,'Sewage',TO_DATE('2015-07-1','yyyy-mm-dd'),'Clogging');
INSERT INTO F15_11_tbla_request_details
(T_P_ID,
E_P_ID,
M_Type,
M_Date,Description)
VALUES
(1015,1030,'Kitchen',TO_DATE('2015-09-1','yyyy-mm-dd'),'Disposal');
INSERT INTO F15_11_tbla_request_details
(T_P_ID,
E_P_ID,
M_Type,
M_Date,Description)
VALUES
(1016,1030,'Water',TO_DATE('2015-07-1','yyyy-mm-dd'),'No Water');
INSERT INTO F15_11_tbla_request_details
(T_P_ID,
E_P_ID,
M_Type,
M_Date,Description)
VALUES
(1017,1030,'Electricity',TO_DATE('2015-08-1','yyyy-mm-dd'),'Spike');
INSERT INTO F15_11_tbla_request_details
(T_P_ID,
E_P_ID,
M_Type,
M_Date,Description)
VALUES
(1017,1028,'Lock',TO_DATE('2015-08-1','yyyy-mm-dd'),'Fail');
INSERT INTO F15_11_tbla_request_details
(T_P_ID,
E_P_ID,
M_Type,
M_Date,Description)
VALUES
(1017,1028,'Sewage',TO_DATE('2015-08-1','yyyy-mm-dd'),'Clogging');
INSERT INTO F15_11_tbla_request_details
(T_P_ID,
E_P_ID,
M_Type,
M_Date,Description)
VALUES
(1018,1030,'Lock',TO_DATE('2015-02-1','yyyy-mm-dd'),'Fail');
INSERT INTO F15_11_tbla_request_details
(T_P_ID,
E_P_ID,
M_Type,
M_Date,Description)
VALUES
(1018,1028,'Water',TO_DATE('2015-02-1','yyyy-mm-dd'),'Leaky taps');
INSERT INTO F15_11_tbla_request_details
(T_P_ID,
E_P_ID,
M_Type,
M_Date,Description)
VALUES
(1019,1030,'Kitchen',TO_DATE('2015-06-1','yyyy-mm-dd'),'Disposal');
INSERT INTO F15_11_tbla_request_details
(T_P_ID,
E_P_ID,
M_Type,
M_Date,Description)
VALUES
(1019,1028,'Electricity',TO_DATE('2015-06-1','yyyy-mm-dd'),'Spike');
INSERT INTO F15_11_tbla_request_details
(T_P_ID,
E_P_ID,
M_Type,
M_Date,Description)
VALUES
(1020,1030,'Sewage',TO_DATE('2015-09-1','yyyy-mm-dd'),'Clogging');
INSERT INTO F15_11_tbla_request_details
(T_P_ID,
E_P_ID,
M_Type,
M_Date,Description)
VALUES
(1020,1030,'Water',TO_DATE('2015-09-1','yyyy-mm-dd'),'No Water');
INSERT INTO F15_11_tbla_request_details
(T_P_ID,
E_P_ID,
M_Type,
M_Date,Description)
VALUES
(1020,1028,'Water',TO_DATE('2015-06-1','yyyy-mm-dd'),'Leaky taps');
INSERT INTO F15_11_tbla_request_details
(T_P_ID,
E_P_ID,
M_Type,
M_Date,Description)
VALUES
(1020,1030,'Electricity',TO_DATE('2015-06-1','yyyy-mm-dd'),'Spike');
INSERT INTO F15_11_tbla_request_details
(T_P_ID,
E_P_ID,
M_Type,
M_Date,Description)
VALUES
(1022,1030,'Water',TO_DATE('2015-09-1','yyyy-mm-dd'),'No Water');
INSERT INTO F15_11_tbla_request_details
(T_P_ID,
E_P_ID,
M_Type,
M_Date,Description)
VALUES
(1022,1028,'Sewage',TO_DATE('2015-09-1','yyyy-mm-dd'),'Clogging');
INSERT INTO F15_11_tbla_request_details
(T_P_ID,
E_P_ID,
M_Type,
M_Date,Description)
VALUES
(1023,1030,'Water',TO_DATE('2015-03-1','yyyy-mm-dd'),'No Water');
INSERT INTO F15_11_tbla_request_details
(T_P_ID,
E_P_ID,
M_Type,
M_Date,Description)
VALUES
(1023,1028,'Electricity',TO_DATE('2015-03-1','yyyy-mm-dd'),'Spike');
INSERT INTO F15_11_tbla_request_details
(T_P_ID,
E_P_ID,
M_Type,
M_Date,Description)
VALUES
(1026,1030,'Lock',TO_DATE('2015-06-1','yyyy-mm-dd'),'Fail');
INSERT INTO F15_11_tbla_request_details
(T_P_ID,
E_P_ID,
M_Type,
M_Date,Description)
VALUES
(1027,1030,'Water',TO_DATE('2015-07-1','yyyy-mm-dd'),'Leaky taps');
INSERT INTO F15_11_tbla_request_details
(T_P_ID,
E_P_ID,
M_Type,
M_Date,Description)
VALUES
(1027,1028,'Floor',TO_DATE('2015-07-1','yyyy-mm-dd'),'Vinyl');
INSERT INTO F15_11_tbla_request_details
(T_P_ID,
E_P_ID,
M_Type,
M_Date,Description)
VALUES
(1029,1030,'Electricity',TO_DATE('2015-08-1','yyyy-mm-dd'),'Spike');
INSERT INTO F15_11_tbla_request_details
(T_P_ID,
E_P_ID,
M_Type,
M_Date,Description)
VALUES
(1029,1028,'Electricity',TO_DATE('2015-08-1','yyyy-mm-dd'),'Spike');





commit;